,資治通鑒_单字,num
0,之,66251
1,以,39807
2,為,35751
3,不,34461
4,王,21618
5,曰,21332
6,其,20145
7,人,19101
8,將,18230
9,軍,18126
10,使,17265
11,州,16196
12,大,16042
13,子,15763
14,而,15591
15,上,15266
16,兵,14786
17,者,12856
18,有,12565
19,也,12531
20,下,12319
21,中,12270
22,於,12060
23,太,11743
24,自,11317
25,！,10764
26,所,10597
27,與,10548
28,事,10334
29,月,10286
30,至,10124
31,皆,9434
32,帝,9428
33,無,8709
34,十,8572
35,城,8521
36,于,8198
37,遣,8073
38,三,7858
39,臣,7797
40,史,7754
41,可,7678
42,二,7648
43,公,7544
44,天,7503
45,安,7382
46,書,7341
47,等,7279
48,言,7277
49,主,7271
50,國,7249
51,及,7172
52,乃,7119
53,得,7096
54,是,6956
55,南,6943
56,諸,6841
57,一,6831
58,西,6826
59,相,6804
60,萬,6535
61,行,6534
62,欲,6502
63,東,6473
64,今,6343
65,陽,6336
66,出,6315
67,守,6232
68,從,6176
69,令,6065
70,入,6054
71,魏,6048
72,李,6015
73,元,6005
74,未,5914
75,平,5907
76,士,5899
77,後,5891
78,年,5855
79,何,5706
80,道,5706
81,都,5600
82,眾,5558
83,武,5510
84,餘,5484
85,日,5455
86,百,5422
87,度,5370
88,此,5342
89,複,5330
90,數,5274
91,司,5256
92,馬,5239
93,知,5222
94,節,5165
95,長,5131
96,殺,5109
97,刺,5099
98,五,4993
99,皇,4951
100,如,4928
101,官,4914
102,死,4890
103,能,4872
104,千,4832
105,還,4813
106,又,4786
107,朝,4684
108,請,4657
109,聞,4600
110,文,4571
111,謂,4543
112,則,4508
113,故,4507
114,河,4457
115,四,4435
116,民,4431
117,在,4416
118,詔,4352
119,北,4343
120,尚,4340
121,時,4279
122,見,4134
123,山,4077
124,命,4053
125,高,4037
126,德,4034
127,立,4012
128,然,3966
129,張,3919
130,進,3914
131,騎,3906
132,侍,3882
133,當,3874
134,已,3871
135,擊,3841
136,左,3834
137,歸,3826
138,門,3792
139,宗,3782
140,用,3776
141,先,3769
142,攻,3755
143,矣,3718
144,必,3696
145,劉,3671
146,成,3647
147,遂,3635
148,若,3628
149,前,3621
150,吾,3587
151,同,3585
152,明,3563
153,漢,3552
154,亦,3525
155,義,3514
156,侯,3478
157,內,3468
158,多,3457
159,世,3439
160,右,3412
161,戰,3410
162,帥,3404
163,來,3388
164,師,3359
165,非,3326
166,降,3325
167,秦,3311
168,君,3251
169,方,3223
170,郡,3198
171,卒,3186
172,后,3170
173,外,3159
174,宜,3150
175,常,3134
176,光,3125
177,夫,3120
178,陳,3115
179,？,3113
180,家,3103
181,部,3103
182,宮,3088
183,弟,3074
184,忠,3014
185,鎮,3012
186,陵,2995
187,我,2973
188,正,2972
189,心,2949
190,奏,2941
191,郎,2940
192,六,2935
193,卿,2914
194,引,2864
195,建,2855
196,發,2839
197,重,2805
198,因,2789
199,留,2774
200,既,2761
201,甲,2749
202,孫,2737
203,地,2720
204,趙,2692
205,破,2691
206,敗,2667
207,江,2667
208,功,2633
209,生,2629
210,會,2620
211,周,2616
212,斬,2605
213,並,2595
214,賊,2581
215,尉,2578
216,盡,2572
217,初,2567
218,謀,2555
219,己,2537
220,七,2524
221,去,2520
222,且,2518
223,乎,2516
224,陛,2516
225,稱,2513
226,取,2505
227,齊,2500
228,孝,2479
229,吏,2466
230,求,2465
231,吳,2457
232,罪,2428
233,府,2412
234,定,2404
235,衛,2390
236,許,2374
237,氏,2370
238,威,2364
239,親,2362
240,討,2339
241,敢,2333
242,水,2333
243,楊,2323
244,八,2323
245,禮,2298
246,受,2295
247,九,2282
248,即,2275
249,密,2269
250,興,2267
251,問,2267
252,晉,2261
253,居,2244
254,名,2236
255,雖,2234
256,食,2231
257,丁,2213
258,賜,2211
259,信,2191
260,封,2184
261,政,2182
262,延,2178
263,章,2175
264,置,2172
265,議,2166
266,意,2165
267,奉,2151
268,耳,2143
269,夏,2118
270,舉,2101
271,法,2093
272,分,2092
273,甚,2084
274,乙,2084
275,召,2078
276,辛,2068
277,遠,2058
278,亂,2049
279,恐,2047
280,少,2045
281,固,2041
282,廣,2036
283,督,2036
284,始,2030
285,起,2029
286,思,2017
287,申,2004
288,過,1995
289,誅,1989
290,失,1984
291,石,1980
292,表,1972
293,祖,1961
294,征,1959
295,或,1959
296,善,1951
297,京,1947
298,景,1946
299,仁,1940
300,更,1938
301,制,1930
302,走,1912
303,克,1897
304,位,1893
305,益,1892
306,由,1888
307,壬,1875
308,利,1870
309,屯,1869
310,通,1869
311,足,1869
312,金,1858
313,車,1857
314,海,1852
315,營,1836
316,怒,1831
317,雲,1830
318,乘,1830
319,丙,1830
320,唐,1826
321,全,1824
322,力,1824
323,廷,1822
324,反,1819
325,庚,1813
326,戊,1811
327,承,1810
328,宣,1805
329,父,1798
330,悉,1795
331,群,1795
332,梁,1786
333,應,1770
334,小,1765
335,樂,1764
336,望,1760
337,計,1758
338,玄,1752
339,亡,1748
340,往,1746
341,徐,1738
342,加,1733
343,作,1716
344,寇,1715
345,昭,1712
346,禦,1712
347,備,1710
348,權,1708
349,服,1706
350,春,1706
351,告,1701
352,間,1697
353,兄,1691
354,關,1691
355,赦,1688
356,弘,1687
357,豈,1686
358,救,1685
359,代,1685
360,懼,1684
361,癸,1683
362,寅,1678
363,燕,1677
364,白,1666
365,任,1656
366,首,1655
367,難,1645
368,久,1640
369,懷,1635
370,射,1629
371,午,1626
372,勝,1625
373,辰,1624
374,夜,1623
375,邪,1620
376,汝,1617
377,對,1613
378,歲,1605
379,執,1605
380,猶,1605
381,據,1589
382,僕,1587
383,深,1587
384,追,1578
385,諫,1571
386,丞,1571
387,素,1568
388,流,1568
389,詣,1557
390,和,1556
391,止,1556
392,卯,1553
393,貴,1547
394,疾,1541
395,奔,1540
396,秋,1538
397,保,1532
398,坐,1531
399,徒,1531
400,直,1531
401,共,1530
402,實,1528
403,敬,1525
404,戌,1524
405,亥,1506
406,巳,1506
407,聽,1504
408,收,1504
409,丹,1504
410,莫,1503
411,田,1502
412,縣,1501
413,開,1499
414,昌,1498
415,拜,1487
416,嗣,1486
417,本,1480
418,淮,1478
419,治,1478
420,臨,1474
421,獨,1456
422,曹,1451
423,異,1444
424,恩,1441
425,殿,1441
426,黃,1440
427,胡,1439
428,退,1438
429,各,1436
430,屬,1433
431,濟,1423
432,免,1419
433,圍,1419
434,辭,1419
435,洛,1418
436,願,1416
437,幸,1415
438,崇,1413
439,神,1411
440,新,1409
441,儀,1407
442,）,1406
443,（,1406
444,酉,1404
445,容,1402
446,領,1396
447,口,1392
448,強,1390
449,朔,1388
450,厚,1382
451,嘗,1376
452,散,1374
453,處,1374
454,身,1373
455,勢,1373
456,蜀,1372
457,寶,1371
458,說,1362
459,女,1361
460,改,1358
461,兼,1356
462,聖,1355
463,合,1351
464,彥,1344
465,伏,1337
466,易,1335
467,觀,1334
468,賢,1334
469,奴,1325
470,惡,1324
471,姓,1317
472,業,1316
473,號,1314
474,楚,1307
475,原,1305
476,虜,1301
477,志,1301
478,突,1300
479,母,1300
480,步,1299
481,拔,1293
482,監,1291
483,待,1286
484,疑,1286
485,林,1270
486,韓,1251
487,單,1251
488,康,1246
489,盛,1244
490,略,1239
491,罷,1229
492,送,1229
493,襲,1223
494,謝,1221
495,學,1220
496,拒,1220
497,溫,1217
498,醜,1216
499,朕,1215
500,獲,1210
501,才,1209
502,台,1203
503,輕,1200
504,—,1198
505,郭,1197
506,迎,1193
507,冬,1187
508,每,1187
509,錢,1185
510,戶,1184
511,絕,1179
512,充,1178
513,敕,1167
514,契,1165
515,繼,1162
516,指,1161
517,泰,1160
518,悅,1157
519,壽,1153
520,祿,1151
521,誠,1151
522,陰,1149
523,2,1149
524,解,1147
525,永,1145
526,致,1138
527,獻,1137
528,近,1136
529,棄,1132
530,吐,1131
531,護,1131
532,終,1130
533,策,1129
534,良,1127
535,賞,1116
536,徙,1111
537,凡,1110
538,恭,1105
539,裡,1101
540,妻,1100
541,禁,1097
542,參,1095
543,空,1093
544,但,1092
545,就,1081
546,室,1081
547,校,1080
548,;,1079
549,#,1079
550,紹,1077
551,急,1077
552,舊,1076
553,修,1074
554,憂,1072
555,除,1070
556,榮,1065
557,給,1061
558,酒,1060
559,清,1055
560,私,1055
561,堅,1055
562,疏,1050
563,龍,1046
564,遺,1045
565,川,1042
566,遷,1039
567,達,1031
568,’,1031
569,操,1025
570,路,1025
571,宰,1024
572,舍,1018
573,風,1018
574,豫,1013
575,越,1012
576,‘,1011
577,華,1009
578,決,1008
579,真,1005
580,撫,1001
581,叔,1001
582,蕃,1001
583,輔,1000
584,喜,998
585,嚴,995
586,連,987
587,爭,986
588,夷,985
589,廟,984
590,廢,983
591,荊,982
592,邊,982
593,物,981
594,彼,978
595,存,978
596,變,975
597,衣,973
598,第,973
599,逆,973
600,兩,970
601,《,969
602,》,969
603,俱,967
604,虎,967
605,納,966
606,圖,965
607,好,963
608,推,962
609,尊,961
610,崔,957
611,古,957
612,遇,956
613,論,952
614,縱,952
615,總,950
616,族,949
617,裕,948
618,掠,947
619,福,945
620,勸,944
621,副,943
622,怨,940
623,伐,937
624,老,935
625,附,934
626,爵,933
627,敵,926
628,頭,921
629,顯,921
630,語,919
631,盧,915
632,黨,912
633,面,911
634,比,910
635,叛,910
636,向,906
637,順,905
638,焉,902
639,集,902
640,刑,901
641,蕭,900
642,別,899
643,伯,899
644,讓,899
645,勒,898
646,統,894
647,杜,894
648,傅,893
649,察,890
650,愛,890
651,糧,889
652,仲,889
653,省,888
654,招,886
655,經,886
656,客,885
657,幽,883
658,專,882
659,寵,881
660,惟,880
661,土,880
662,動,877
663,厥,876
664,唯,867
665,超,866
666,登,864
667,鄭,863
668,聲,862
669,甯,858
670,慶,858
671,精,855
672,勿,853
673,汗,851
674,羅,850
675,報,850
676,情,846
677,禍,844
678,患,843
679,約,841
680,冀,840
681,交,840
682,雄,839
683,3,832
684,勳,832
685,管,831
686,危,829
687,理,829
688,俊,828
689,貞,827
690,宋,826
691,布,826
692,勞,824
693,雍,823
694,匈,821
695,亮,820
696,手,819
697,賀,814
698,顧,814
699,襄,813
700,視,812
701,傳,811
702,希,810
703,回,810
704,持,807
705,色,807
706,委,804
707,授,803
708,1,798
709,盜,798
710,責,798
711,結,794
712,鳳,791
713,揚,789
714,桓,788
715,隨,787
716,滅,786
717,妃,785
718,邑,784
719,害,779
720,博,778
721,僧,778
722,勇,775
723,里,774
724,昔,774
725,病,773
726,選,770
727,青,763
728,羌,759
729,援,758
730,境,758
731,休,753
732,谷,753
733,爾,748
734,負,746
735,離,746
736,弱,745
737,農,744
738,7,744
739,運,743
740,戍,742
741,諭,742
742,市,739
743,紀,739
744,資,739
745,赴,737
746,韋,736
747,茂,736
748,牧,733
749,孤,732
750,沙,732
751,呼,731
752,蒙,731
753,敦,730
754,塞,729
755,歡,726
756,須,724
757,裴,721
758,虛,720
759,哉,720
760,便,719
761,忌,716
762,彭,714
763,淵,709
764,泣,709
765,畏,708
766,隆,707
767,喪,706
768,示,705
769,屢,704
770,牙,704
771,聚,702
772,果,701
773,嘉,701
774,性,699
775,獄,699
776,靈,699
777,鄉,697
778,陷,697
779,尹,696
780,職,695
781,智,695
782,涼,694
783,驚,694
784,庶,693
785,輒,693
786,魯,689
787,蠻,687
788,器,686
789,率,685
790,殷,684
791,揮,684
792,駕,684
793,薛,683
794,薨,683
795,旦,680
796,務,680
797,陸,678
798,垂,678
799,擒,677
800,阿,676
801,被,674
802,慕,673
803,馮,669
804,復,668
805,支,663
806,乞,660
807,積,659
808,震,659
809,呂,658
810,具,658
811,寧,657
812,虞,656
813,富,653
814,烏,653
815,宿,652
816,斷,649
817,期,648
818,傷,645
819,0,643
820,息,641
821,尋,640
822,甫,639
823,袁,637
824,教,637
825,趣,636
826,狀,636
827,設,635
828,養,635
829,暴,635
830,佐,634
831,葬,632
832,秀,631
833,竟,630
834,財,628
835,逃,628
836,季,627
837,渡,626
838,飲,625
839,奸,624
840,振,620
841,要,616
842,蘇,615
843,惠,615
844,穀,612
845,仍,612
846,渾,612
847,助,609
848,丘,606
849,吉,606
850,兒,605
851,逼,605
852,社,604
853,遊,603
854,化,602
855,詐,601
856,微,601
857,闕,600
858,9,600
859,兆,600
860,質,596
861,機,595
862,庭,592
863,列,591
864,美,591
865,潛,590
866,氣,589
867,憲,588
868,莽,588
869,防,587
870,野,587
871,險,586
872,奪,586
873,羽,585
874,貶,585
875,次,584
876,移,584
877,火,582
878,馳,581
879,曲,579
880,玉,578
881,弼,577
882,翰,576
883,況,575
884,遼,574
885,穆,573
886,豐,573
887,牛,572
888,極,572
889,苟,571
890,匹,567
891,段,567
892,頗,565
893,窮,561
894,依,561
895,俟,557
896,慮,555
897,假,554
898,避,554
899,霸,552
900,賓,551
901,目,551
902,橫,551
903,英,550
904,覆,550
905,隋,548
906,沖,548
907,范,548
908,判,548
909,竊,548
910,役,543
911,沒,543
912,稍,541
913,載,540
914,輿,537
915,庫,537
916,候,537
917,幾,537
918,術,536
919,奇,536
920,累,535
921,釋,535
922,慰,533
923,犯,532
924,特,532
925,費,529
926,苦,528
927,謙,526
928,焚,526
929,賈,524
930,烈,524
931,堂,523
932,貢,523
933,橋,520
934,典,519
935,孟,519
936,稷,518
937,隴,517
938,澤,515
939,簡,515
940,珍,515
941,驕,514
942,著,512
943,友,512
944,6,512
945,落,511
946,董,511
947,肅,509
948,逐,508
949,潰,508
950,違,508
951,巡,507
952,鼓,505
953,寬,504
954,再,503
955,侵,502
956,儉,500
957,御,500
958,沈,497
959,品,497
960,卑,494
961,曆,494
962,笑,492
963,遜,491
964,鄧,490
965,造,490
966,錄,488
967,帛,487
968,泉,485
969,鋒,484
970,宴,483
971,築,482
972,冠,481
973,勃,481
974,蓋,481
975,孔,481
976,轉,478
977,歎,478
978,範,477
979,系,477
980,宦,477
981,驅,477
982,項,476
983,稽,476
984,晏,475
985,蔡,475
986,衡,474
987,戎,473
988,8,473
989,倉,473
990,戒,472
991,樓,472
992,訓,471
993,施,469
994,饑,469
995,竇,467
996,薄,466
997,麗,466
998,涕,465
999,仇,464
1000,啟,464
1001,效,463
1002,旨,463
1003,朗,462
1004,誰,462
1005,哀,459
1006,船,458
1007,困,458
1008,謁,457
1009,隱,457
1010,升,455
1011,恨,455
1012,哭,454
1013,嶺,453
1014,幼,452
1015,鐵,452
1016,曾,452
1017,奈,451
1018,審,451
1019,軌,451
1020,巴,450
1021,愚,450
1022,募,449
1023,草,448
1024,匡,447
1025,乾,446
1026,豪,446
1027,零,446
1028,幹,445
1029,祀,444
1030,徽,444
1031,閣,443
1032,劍,443
1033,滿,443
1034,商,443
1035,暉,442
1036,骨,442
1037,儒,441
1038,夕,441
1039,頓,441
1040,循,439
1041,閉,439
1042,習,437
1043,恃,436
1044,舟,436
1045,肯,435
1046,柔,434
1047,澄,433
1048,律,432
1049,源,429
1050,姚,429
1051,洪,429
1052,感,429
1053,壯,428
1054,贊,426
1055,屈,426
1056,祭,426
1057,懿,426
1058,斯,425
1059,級,425
1060,睿,425
1061,賦,425
1062,胤,425
1063,捕,424
1064,半,424
1065,木,424
1066,速,423
1067,仙,422
1068,輩,421
1069,党,420
1070,謹,420
1071,畢,420
1072,薦,419
1073,雅,418
1074,識,414
1075,靜,413
1076,男,413
1077,郊,413
1078,葛,413
1079,融,413
1080,慎,412
1081,署,412
1082,切,412
1083,隸,412
1084,增,411
1085,符,410
1086,忍,409
1087,驍,407
1088,璋,407
1089,毀,406
1090,尤,406
1091,樞,406
1092,考,404
1093,允,404
1094,鹽,403
1095,辯,403
1096,翼,402
1097,翔,401
1098,柳,398
1099,覺,398
1100,末,397
1101,貪,397
1102,鬥,397
1103,雨,397
1104,逾,396
1105,供,395
1106,鮮,395
1107,早,394
1108,籍,394
1109,遁,393
1110,遽,393
1111,晟,392
1112,體,391
1113,5,389
1114,鐘,388
1115,損,388
1116,猛,387
1117,4,386
1118,峻,386
1119,宇,385
1120,誘,385
1121,逢,385
1122,囚,384
1123,述,384
1124,欽,383
1125,屠,382
1126,旬,381
1127,祥,380
1128,腹,379
1129,導,378
1130,房,378
1131,藏,378
1132,卷,378
1133,他,375
1134,刀,375
1135,赤,375
1136,婦,374
1137,咸,373
1138,堪,373
1139,辟,372
1140,投,371
1141,曜,370
1142,傾,368
1143,杖,367
1144,顏,366
1145,扶,366
1146,湖,366
1147,寢,365
1148,渠,365
1149,悔,365
1150,基,365
1151,預,365
1152,銳,362
1153,戚,361
1154,彌,361
1155,邀,361
1156,鹹,360
1157,形,360
1158,減,359
1159,恒,358
1160,卓,358
1161,種,357
1162,恪,356
1163,端,356
1164,程,355
1165,羊,355
1166,殊,354
1167,愈,354
1168,賂,354
1169,寺,352
1170,按,352
1171,衰,351
1172,僚,351
1173,奚,350
1174,接,350
1175,誨,350
1176,奮,347
1177,折,346
1178,俗,346
1179,衍,346
1180,池,344
1181,蘭,344
1182,汴,343
1183,匿,342
1184,頃,342
1185,擇,342
1186,紇,341
1187,檢,341
1188,斂,340
1189,遵,340
1190,網,339
1191,肉,339
1192,勤,339
1193,燒,338
1194,維,338
1195,津,337
1196,竭,335
1197,擾,335
1198,嵩,334
1199,斛,334
1200,到,333
1201,適,333
1202,輸,332
1203,甘,332
1204,貨,332
1205,那,330
1206,它,330
1207,弊,330
1208,仗,329
1209,伊,327
1210,丑,327
1211,飛,325
1212,雜,324
1213,印,324
1214,逸,323
1215,掌,323
1216,災,322
1217,毅,322
1218,忘,321
1219,放,321
1220,諡,321
1221,鹿,321
1222,廬,321
1223,湯,320
1224,壁,320
1225,規,319
1226,湘,319
1227,付,318
1228,祚,318
1229,記,317
1230,巨,317
1231,默,316
1232,浮,316
1233,凶,316
1234,漸,316
1235,熙,315
1236,班,315
1237,念,315
1238,倫,315
1239,托,315
1240,聰,314
1241,根,314
1242,敏,314
1243,虔,314
1244,矢,314
1245,壘,313
1246,浚,313
1247,廉,312
1248,攸,312
1249,侃,312
1250,寡,312
1251,崩,311
1252,屍,311
1253,晦,309
1254,戮,308
1255,傑,307
1256,妾,307
1257,陝,307
1258,工,307
1259,沮,306
1260,黑,306
1261,攝,305
1262,優,305
1263,配,304
1264,臧,304
1265,游,303
1266,禹,303
1267,乏,303
1268,倍,303
1269,隙,303
1270,域,302
1271,背,300
1272,憚,300
1273,誕,299
1274,恥,299
1275,什,298
1276,捷,296
1277,帳,296
1278,藥,296
1279,站,295
1280,員,293
1281,殆,293
1282,狄,292
1283,毛,292
1284,陶,291
1285,弗,290
1286,租,290
1287,偽,290
1288,殘,289
1289,涉,289
1290,誣,289
1291,均,289
1292,晝,288
1293,苑,286
1294,妄,286
1295,擅,286
1296,巢,286
1297,寒,286
1298,補,285
1299,亭,285
1300,騰,285
1301,憤,285
1302,答,285
1303,血,284
1304,姑,284
1305,米,284
1306,趨,284
1307,韜,283
1308,沛,282
1309,鑒,281
1310,酋,281
1311,擁,281
1312,宏,281
1313,卻,280
1314,稅,279
1315,浩,279
1316,厲,279
1317,辱,279
1318,畜,278
1319,詳,278
1320,黎,278
1321,檀,278
1322,旗,277
1323,類,277
1324,斤,277
1325,粲,277
1326,疲,276
1327,索,275
1328,獵,274
1329,罰,274
1330,差,274
1331,盟,273
1332,擢,273
1333,園,272
1334,閏,272
1335,璽,272
1336,齡,271
1337,穎,271
1338,惜,271
1339,脫,271
1340,徇,270
1341,黜,270
1342,煩,270
1343,貧,269
1344,麾,269
1345,絳,269
1346,昏,269
1347,庸,269
1348,柱,268
1349,莊,268
1350,側,267
1351,錫,266
1352,祠,264
1353,諮,264
1354,牢,264
1355,樊,264
1356,蒲,264
1357,樹,264
1358,調,264
1359,閔,264
1360,驃,264
1361,樑,263
1362,爽,263
1363,阻,262
1364,潁,262
1365,禪,261
1366,嶽,261
1367,割,260
1368,緣,260
1369,桑,259
1370,旱,259
1371,露,258
1372,琳,258
1373,舒,258
1374,柵,257
1375,惑,257
1376,掩,256
1377,緒,255
1378,賤,255
1379,靖,254
1380,渭,254
1381,刻,254
1382,潞,254
1383,粟,254
1384,邵,253
1385,瑰,253
1386,郢,253
1387,宅,253
1388,毋,253
1389,抱,251
1390,削,251
1391,茲,251
1392,尺,251
1393,旅,250
1394,仕,250
1395,贈,250
1396,綬,250
1397,鄰,249
1398,琅,249
1399,佛,249
1400,返,249
1401,式,249
1402,厭,249
1403,寨,248
1404,婢,248
1405,迫,248
1406,俘,247
1407,荒,247
1408,材,246
1409,齎,245
1410,館,245
1411,剛,245
1412,詰,244
1413,譖,244
1414,秘,244
1415,岸,243
1416,練,243
1417,鴻,242
1418,量,242
1419,罕,242
1420,丈,241
1421,注,240
1422,掖,240
1423,簿,240
1424,孰,240
1425,抵,240
1426,跋,240
1427,冤,237
1428,湛,236
1429,案,235
1430,嬰,235
1431,鸞,234
1432,檄,234
1433,仰,233
1434,皋,233
1435,氐,233
1436,閩,233
1437,院,232
1438,駿,231
1439,競,230
1440,賴,230
1441,謨,230
1442,霍,230
1443,葉,230
1444,整,230
1445,鑄,229
1446,矯,229
1447,協,229
1448,駢,229
1449,滔,229
1450,儼,228
1451,帶,228
1452,奢,227
1453,忽,226
1454,暮,226
1455,誥,226
1456,普,226
1457,岐,225
1458,涇,225
1459,刃,225
1460,遙,224
1461,弓,224
1462,肇,224
1463,星,224
1464,魚,223
1465,徑,223
1466,篤,223
1467,駭,223
1468,慚,222
1469,壞,222
1470,舅,222
1471,劫,221
1472,冊,221
1473,綱,221
1474,丕,221
1475,褒,220
1476,泌,220
1477,矜,219
1478,瓊,219
1479,訪,218
1480,賣,217
1481,象,217
1482,最,217
1483,緡,217
1484,松,216
1485,禽,215
1486,貳,214
1487,井,213
1488,條,213
1489,聘,213
1490,訴,213
1491,革,212
1492,產,212
1493,鈞,212
1494,抗,210
1495,譙,210
1496,陀,210
1497,驛,209
1498,覽,209
1499,舜,209
1500,狼,209
1501,岩,209
1502,飾,209
1503,泄,208
1504,銀,208
1505,角,208
1506,庾,207
1507,驗,207
1508,琛,207
1509,緩,207
1510,縛,206
1511,儲,206
1512,詩,206
1513,靡,205
1514,矩,204
1515,句,204
1516,旁,203
1517,忿,203
1518,滑,203
1519,悲,203
1520,賁,203
1521,瑜,203
1522,臥,203
1523,戴,203
1524,勉,202
1525,伺,202
1526,采,202
1527,晚,202
1528,肥,202
1529,韶,201
1530,昆,201
1531,畫,201
1532,格,200
1533,席,200
1534,短,200
1535,萇,199
1536,邢,199
1537,饒,199
1538,准,199
1539,試,198
1540,叩,198
1541,耕,197
1542,戲,197
1543,慈,197
1544,桂,197
1545,醉,196
1546,提,196
1547,艦,196
1548,抑,196
1549,懸,196
1550,讒,196
1551,恣,196
1552,浸,196
1553,宛,195
1554,雪,195
1555,荀,195
1556,鶻,194
1557,潼,194
1558,頡,193
1559,亟,193
1560,慧,193
1561,遲,193
1562,幕,193
1563,否,192
1564,停,192
1565,龐,191
1566,胄,191
1567,翟,191
1568,構,190
1569,塗,190
1570,皓,190
1571,彰,190
1572,械,190
1573,羨,190
1574,纂,189
1575,階,189
1576,脅,189
1577,彪,188
1578,麟,188
1579,岳,187
1580,猜,187
1581,裁,185
1582,淫,185
1583,紫,184
1584,育,184
1585,邕,184
1586,芝,184
1587,悟,184
1588,惶,184
1589,跡,183
1590,弩,183
1591,劾,183
1592,藝,183
1593,怪,183
1594,狐,183
1595,屋,183
1596,毒,183
1597,譽,182
1598,冒,182
1599,褚,182
1600,秉,182
1601,暇,182
1602,坦,182
1603,熾,181
1604,播,181
1605,譚,181
1606,艾,181
1607,球,180
1608,噪,180
1609,叱,180
1610,堯,180
1611,嫌,180
1612,咎,179
1613,介,179
1614,琮,179
1615,囂,179
1616,鄙,179
1617,藉,179
1618,佞,178
1619,舞,178
1620,坊,178
1621,際,178
1622,尼,177
1623,龜,177
1624,團,177
1625,瑾,177
1626,潘,176
1627,楷,176
1628,閻,176
1629,畿,175
1630,夾,174
1631,徹,174
1632,愧,174
1633,曉,173
1634,鼎,173
1635,純,173
1636,耿,173
1637,植,173
1638,斥,173
1639,逵,172
1640,盈,172
1641,健,172
1642,躬,172
1643,字,172
1644,屏,171
1645,欣,171
1646,細,171
1647,翊,171
1648,桀,170
1649,創,170
1650,借,170
1651,偉,169
1652,偏,169
1653,誤,168
1654,垣,168
1655,蔽,168
1656,肆,168
1657,歌,167
1658,齒,167
1659,劭,167
1660,束,167
1661,訟,167
1662,汾,167
1663,婚,166
1664,遭,166
1665,履,166
1666,嶠,166
1667,虐,166
1668,昶,166
1669,驤,165
1670,蔣,165
1671,誓,165
1672,含,164
1673,挾,164
1674,僅,164
1675,蕩,164
1676,讀,164
1677,邯,164
1678,塹,164
1679,閼,163
1680,絹,163
1681,享,161
1682,琨,161
1683,諷,161
1684,閭,160
1685,欺,160
1686,寄,160
1687,款,160
1688,錯,160
1689,溪,159
1690,浙,159
1691,饋,158
1692,恤,158
1693,岑,158
1694,誼,158
1695,音,158
1696,塚,158
1697,罵,158
1698,痛,158
1699,睦,157
1700,輜,157
1701,犍,157
1702,洽,157
1703,恢,157
1704,環,156
1705,巧,156
1706,曄,156
1707,鄆,156
1708,泗,155
1709,雞,155
1710,冰,155
1711,續,155
1712,宥,155
1713,淑,155
1714,昱,154
1715,演,154
1716,壹,154
1717,磐,154
1718,講,154
1719,竹,153
1720,耆,153
1721,瞻,153
1722,凝,153
1723,偃,153
1724,孜,153
1725,糸,152
1726,髮,152
1727,鳴,152
1728,綰,152
1729,繇,152
1730,妹,152
1731,姬,151
1732,斌,151
1733,蒼,151
1734,銅,150
1735,互,150
1736,苻,149
1737,床,149
1738,徵,149
1739,雷,149
1740,裨,148
1741,俄,148
1742,麻,148
1743,綽,148
1744,泥,147
1745,瑭,147
1746,倚,147
1747,煌,147
1748,侈,147
1749,繕,147
1750,顥,147
1751,秩,146
1752,猝,146
1753,沔,146
1754,掾,146
1755,贄,146
1756,豆,146
1757,謗,145
1758,敖,145
1759,慟,145
1760,滎,145
1761,測,144
1762,銜,144
1763,諒,144
1764,獸,143
1765,畋,143
1766,溺,143
1767,夔,143
1768,繁,142
1769,姊,142
1770,贍,141
1771,膺,141
1772,完,141
1773,隗,141
1774,燧,141
1775,釁,141
1776,珠,140
1777,諱,140
1778,場,140
1779,壇,140
1780,慢,140
1781,彝,140
1782,潤,139
1783,買,139
1784,闥,139
1785,琬,139
1786,亻,139
1787,婿,139
1788,狂,138
1789,遏,138
1790,伍,138
1791,怯,138
1792,拓,138
1793,琦,137
1794,辨,137
1795,遐,137
1796,滄,137
1797,勖,137
1798,晃,137
1799,詢,137
1800,鬼,136
1801,梓,135
1802,波,135
1803,曇,135
1804,稹,135
1805,稟,135
1806,蓄,135
1807,沉,134
1808,弑,134
1809,巫,134
1810,琰,134
1811,鬱,134
1812,詡,134
1813,斫,134
1814,醫,134
1815,隔,134
1816,竄,134
1817,距,133
1818,墓,133
1819,喬,133
1820,似,133
1821,憐,133
1822,柏,133
1823,敝,132
1824,臚,132
1825,歆,132
1826,尾,131
1827,序,131
1828,界,131
1829,遍,131
1830,潭,131
1831,牒,131
1832,皮,131
1833,拾,130
1834,鞭,130
1835,暗,130
1836,緯,130
1837,繹,130
1838,敞,130
1839,邈,129
1840,談,129
1841,旌,129
1842,寂,129
1843,妖,128
1844,玩,128
1845,剽,128
1846,邳,127
1847,課,127
1848,墜,127
1849,熟,127
1850,圓,127
1851,饗,126
1852,暹,126
1853,啜,126
1854,婁,126
1855,瑞,126
1856,區,126
1857,炎,126
1858,滋,125
1859,濮,125
1860,悖,125
1861,諂,125
1862,弈,125
1863,豎,125
1864,眉,124
1865,摩,124
1866,灌,124
1867,薊,124
1868,瓦,124
1869,汜,123
1870,綏,123
1871,塵,123
1872,枉,123
1873,詹,123
1874,辦,122
1875,嶷,122
1876,缽,122
1877,錦,122
1878,諾,122
1879,乖,122
1880,限,122
1881,朋,122
1882,淺,122
1883,曠,122
1884,譬,121
1885,鉞,121
1886,閱,121
1887,擬,120
1888,旋,120
1889,億,120
1890,苛,120
1891,酣,120
1892,恕,120
1893,予,120
1894,岌,120
1895,歙,120
1896,排,120
1897,祗,119
1898,殂,119
1899,稚,119
1900,勁,119
1901,掃,119
1902,貫,119
1903,押,119
1904,警,119
1905,浦,119
1906,耗,119
1907,拘,118
1908,敘,118
1909,暢,118
1910,杞,118
1911,穿,118
1912,糾,118
1913,堡,118
1914,娶,118
1915,犬,117
1916,阪,117
1917,獠,117
1918,辜,117
1919,贖,117
1920,柴,116
1921,漁,116
1922,骸,116
1923,激,116
1924,綸,116
1925,溝,116
1926,番,116
1927,弄,116
1928,懦,115
1929,逮,115
1930,遮,115
1931,踐,115
1932,窺,115
1933,咄,115
1934,挺,115
1935,邏,115
1936,濫,114
1937,萊,114
1938,評,113
1939,科,113
1940,釗,113
1941,貌,113
1942,繡,113
1943,湣,113
1944,梟,113
1945,珂,113
1946,綿,112
1947,迥,112
1948,豹,112
1949,溥,112
1950,裂,112
1951,鑿,111
1952,寸,111
1953,隊,111
1954,裝,111
1955,奐,111
1956,輦,110
1957,峽,110
1958,彈,110
1959,搖,110
1960,紛,110
1961,牟,110
1962,怏,110
1963,枝,109
1964,村,109
1965,萌,109
1966,罔,109
1967,消,109
1968,譏,109
1969,淹,108
1970,槊,108
1971,憑,108
1972,筆,108
1973,圜,108
1974,攜,108
1975,駱,108
1976,握,108
1977,艘,107
1978,粗,107
1979,涪,107
1980,荷,107
1981,甥,107
1982,座,107
1983,柄,107
1984,坑,106
1985,績,106
1986,肱,106
1987,亞,106
1988,扈,106
1989,洲,106
1990,墮,105
1991,漠,105
1992,侮,105
1993,怖,105
1994,杲,105
1995,湊,104
1996,鳥,104
1997,盤,104
1998,恂,104
1999,雁,104
2000,疫,104
2001,郁,104
2002,椿,104
2003,牽,103
2004,熱,103
2005,貝,103
2006,汲,103
2007,婆,102
2008,奄,102
2009,蝗,102
2010,泓,102
2011,迷,102
2012,惲,101
2013,桃,101
2014,潮,101
2015,淄,101
2016,猗,101
2017,嫁,101
2018,崧,101
2019,占,101
2020,訥,101
2021,疆,100
2022,瓜,100
2023,料,100
2024,干,100
2025,鼠,100
2026,譴,100
2027,趾,99
2028,洞,99
2029,栗,99
2030,諶,99
2031,夢,99
2032,淳,99
2033,銖,99
2034,孚,99
2035,萼,99
2036,瑗,98
2037,控,98
2038,嬖,98
2039,頊,98
2040,填,98
2041,促,98
2042,溢,98
2043,展,98
2044,煬,97
2045,活,97
2046,羸,97
2047,孺,97
2048,贓,97
2049,讜,97
2050,赫,97
2051,苗,97
2052,廩,97
2053,懲,97
2054,讖,97
2055,鄂,97
2056,堤,97
2057,算,97
2058,碩,97
2059,闔,96
2060,酷,96
2061,臂,96
2062,廓,96
2063,抄,96
2064,函,96
2065,摧,96
2066,蹙,96
2067,餉,96
2068,龕,96
2069,歷,96
2070,廂,96
2071,洗,95
2072,甄,95
2073,邃,95
2074,恚,95
2075,雀,95
2076,鎖,95
2077,染,95
2078,蔔,95
2079,佗,94
2080,雒,94
2081,邸,94
2082,袞,94
2083,祜,94
2084,巾,93
2085,衝,93
2086,價,93
2087,虧,93
2088,膽,93
2089,忤,93
2090,佩,93
2091,戈,93
2092,焦,93
2093,貸,93
2094,曳,92
2095,鎧,92
2096,晨,92
2097,瑤,92
2098,昂,92
2099,愁,92
2100,鞫,91
2101,漏,91
2102,驪,91
2103,膳,91
2104,姻,91
2105,剌,91
2106,岱,90
2107,寓,90
2108,吞,90
2109,揆,90
2110,侄,90
2111,繒,90
2112,愷,90
2113,熊,90
2114,匠,90
2115,值,90
2116,香,90
2117,玫,90
2118,勰,90
2119,暑,90
2120,眷,90
2121,祝,89
2122,躍,89
2123,扼,89
2124,姜,89
2125,啖,89
2126,俸,89
2127,蔚,89
2128,街,89
2129,艱,89
2130,詭,88
2131,耀,88
2132,棘,88
2133,獎,88
2134,枕,88
2135,翻,88
2136,墨,87
2137,筠,87
2138,寤,87
2139,嗟,87
2140,乳,87
2141,徼,87
2142,滕,87
2143,狗,87
2144,暫,87
2145,膠,87
2146,伽,86
2147,藍,86
2148,童,86
2149,綜,86
2150,括,86
2151,閑,86
2152,吊,86
2153,嬪,86
2154,濤,86
2155,翦,86
2156,郗,85
2157,涿,85
2158,渥,85
2159,笞,85
2160,僭,85
2161,像,85
2162,板,85
2163,捐,85
2164,劇,85
2165,麥,85
2166,恬,85
2167,繩,85
2168,懌,85
2169,嫡,84
2170,鄯,84
2171,沐,84
2172,阜,84
2173,諧,84
2174,媚,84
2175,覘,84
2176,謐,84
2177,洋,84
2178,耽,83
2179,虢,83
2180,齋,83
2181,採,83
2182,蹈,83
2183,羲,83
2184,畔,83
2185,疇,83
2186,唱,83
2187,鷹,83
2188,馥,82
2189,挑,82
2190,怠,82
2191,陟,82
2192,倒,82
2193,箋,82
2194,頸,82
2195,芻,82
2196,裔,82
2197,皎,82
2198,譯,82
2199,眼,81
2200,紙,81
2201,郝,81
2202,塘,81
2203,碎,81
2204,睢,81
2205,黔,81
2206,籌,81
2207,紿,81
2208,鎬,81
2209,稠,81
2210,羈,81
2211,澹,80
2212,踵,80
2213,鄲,80
2214,漕,80
2215,銑,80
2216,貲,80
2217,掘,80
2218,幟,80
2219,蠕,80
2220,拱,80
2221,諛,79
2222,郅,79
2223,圉,79
2224,貽,79
2225,翁,79
2226,哲,79
2227,帷,79
2228,喧,79
2229,狡,79
2230,芳,79
2231,禿,79
2232,冕,79
2233,苞,79
2234,餓,78
2235,幣,78
2236,鴆,78
2237,黯,78
2238,狹,78
2239,扇,78
2240,禧,78
2241,弋,78
2242,彩,78
2243,斃,78
2244,迪,78
2245,俯,78
2246,披,77
2247,紂,77
2248,滂,77
2249,凍,77
2250,袍,77
2251,輪,77
2252,股,77
2253,頻,77
2254,棺,77
2255,汙,77
2256,篡,77
2257,漳,76
2258,盎,76
2259,混,76
2260,攘,76
2261,磧,76
2262,洮,76
2263,穴,76
2264,燮,76
2265,蘊,76
2266,快,76
2267,鄱,75
2268,囊,75
2269,敷,75
2270,邦,75
2271,賑,75
2272,戟,75
2273,刁,75
2274,雙,75
2275,照,75
2276,澶,75
2277,模,75
2278,卜,75
2279,鉤,74
2280,併,74
2281,泛,74
2282,昧,74
2283,隅,74
2284,犒,74
2285,巒,74
2286,賄,74
2287,搜,73
2288,箭,73
2289,涯,73
2290,歐,73
2291,冉,73
2292,陂,73
2293,濠,73
2294,窘,73
2295,縊,73
2296,祁,73
2297,沂,73
2298,鮑,73
2299,檻,73
2300,鶴,73
2301,衢,72
2302,紳,72
2303,睹,72
2304,稼,72
2305,渙,72
2306,陘,72
2307,悍,72
2308,薑,71
2309,肩,71
2310,閹,71
2311,榆,71
2312,酈,71
2313,戾,71
2314,豺,71
2315,撰,71
2316,杭,71
2317,卞,71
2318,弁,71
2319,廄,71
2320,撤,71
2321,駐,70
2322,悼,70
2323,顛,70
2324,榜,70
2325,騫,70
2326,誦,70
2327,逞,70
2328,瀛,70
2329,訊,70
2330,厄,69
2331,覃,69
2332,匱,69
2333,墉,69
2334,淩,69
2335,缺,69
2336,忻,69
2337,鞍,69
2338,邛,69
2339,逖,69
2340,腰,69
2341,邁,68
2342,余,68
2343,訶,68
2344,佈,68
2345,弦,68
2346,峴,68
2347,佑,67
2348,謬,67
2349,昨,67
2350,例,67
2351,劣,67
2352,殄,67
2353,壤,67
2354,牆,67
2355,璀,67
2356,渚,67
2357,昕,67
2358,詞,66
2359,覬,66
2360,迭,66
2361,斧,66
2362,轡,66
2363,讎,66
2364,餒,66
2365,躡,66
2366,浪,66
2367,證,66
2368,烽,66
2369,曦,66
2370,裘,66
2371,穢,66
2372,駙,65
2373,昵,65
2374,猾,65
2375,倦,65
2376,貯,65
2377,訖,65
2378,挫,65
2379,偕,65
2380,頒,65
2381,滯,64
2382,截,64
2383,竺,64
2384,飯,64
2385,雕,64
2386,灘,64
2387,俠,64
2388,傍,64
2389,旃,64
2390,狽,63
2391,氵,63
2392,鈔,63
2393,搏,63
2394,驢,63
2395,黠,63
2396,鬻,63
2397,障,63
2398,觸,63
2399,狎,63
2400,閬,63
2401,肜,63
2402,穰,62
2403,揖,62
2404,憎,62
2405,旰,62
2406,騭,62
2407,銓,62
2408,梯,62
2409,愕,62
2410,澗,62
2411,薪,62
2412,酬,61
2413,鼻,61
2414,錮,61
2415,渴,61
2416,璧,61
2417,靚,61
2418,阮,61
2419,炅,61
2420,稔,61
2421,咽,61
2422,熹,61
2423,煙,61
2424,跪,60
2425,梧,60
2426,輯,60
2427,龔,60
2428,羞,60
2429,佳,60
2430,藻,60
2431,沃,60
2432,倘,60
2433,簽,59
2434,閎,59
2435,織,59
2436,隕,59
2437,愆,59
2438,彬,59
2439,亙,59
2440,炭,59
2441,臾,59
2442,篇,59
2443,軒,59
2444,抽,59
2445,堰,59
2446,慨,59
2447,聊,59
2448,頌,58
2449,舌,58
2450,猷,58
2451,槐,58
2452,梅,58
2453,孛,58
2454,娛,58
2455,昊,58
2456,茅,58
2457,劄,58
2458,棣,58
2459,膝,58
2460,吹,57
2461,佶,57
2462,崖,57
2463,璜,57
2464,犢,57
2465,巷,57
2466,肖,57
2467,伎,57
2468,弛,57
2469,懇,57
2470,濁,57
2471,祈,57
2472,央,56
2473,隘,56
2474,住,56
2475,拂,56
2476,賚,56
2477,措,56
2478,嗜,56
2479,湟,56
2480,坤,56
2481,蠶,56
2482,飽,56
2483,了,56
2484,璞,56
2485,誇,56
2486,曷,55
2487,擲,55
2488,塢,55
2489,陣,55
2490,訛,55
2491,燭,55
2492,哥,55
2493,詬,55
2494,墳,55
2495,壺,55
2496,輟,55
2497,奕,54
2498,棲,54
2499,確,54
2500,標,54
2501,償,54
2502,朐,54
2503,猥,54
2504,岡,54
2505,埋,54
2506,饉,54
2507,絲,53
2508,邇,53
2509,妓,53
2510,羆,53
2511,琪,53
2512,饌,53
2513,躁,53
2514,婕,53
2515,勵,53
2516,蠡,53
2517,妤,53
2518,戀,53
2519,糴,53
2520,騷,53
2521,包,53
2522,臻,53
2523,赧,53
2524,禾,53
2525,禱,53
2526,謫,52
2527,壓,52
2528,蓬,52
2529,券,52
2530,伸,52
2531,沾,52
2532,僮,52
2533,僻,52
2534,悌,52
2535,亳,52
2536,蘄,52
2537,儔,52
2538,郵,52
2539,傲,52
2540,味,52
2541,溯,51
2542,袒,51
2543,駒,51
2544,該,51
2545,踴,51
2546,局,51
2547,響,51
2548,剖,51
2549,翕,51
2550,殯,51
2551,斜,51
2552,渤,51
2553,箕,51
2554,題,51
2555,茶,51
2556,胥,51
2557,妨,51
2558,沿,51
2559,偶,50
2560,娑,50
2561,裒,50
2562,晡,50
2563,枯,50
2564,喻,50
2565,兇,50
2566,菟,50
2567,珙,50
2568,捶,50
2569,沸,50
2570,烹,50
2571,宸,50
2572,撓,50
2573,纖,50
2574,懈,50
2575,訁,49
2576,販,49
2577,某,49
2578,曼,49
2579,軻,49
2580,澧,49
2581,噩,49
2582,畝,49
2583,幡,49
2584,榷,49
2585,灑,49
2586,鞠,49
2587,忄,49
2588,謠,49
2589,僖,49
2590,愉,49
2591,餌,49
2592,毆,49
2593,磁,49
2594,倨,49
2595,臺,48
2596,偷,48
2597,繞,48
2598,妙,48
2599,污,48
2600,琚,48
2601,瑋,48
2602,諜,48
2603,毓,48
2604,蠲,48
2605,廖,48
2606,逋,48
2607,膏,47
2608,攀,47
2609,瑩,47
2610,瓠,47
2611,洎,47
2612,暨,47
2613,薩,46
2614,懾,46
2615,寫,46
2616,樸,46
2617,盱,46
2618,裹,46
2619,枚,46
2620,製,46
2621,徭,46
2622,蟲,46
2623,陪,46
2624,磨,46
2625,蕪,46
2626,犁,46
2627,購,46
2628,凱,46
2629,鑾,46
2630,蛇,46
2631,倡,46
2632,噲,46
2633,閒,46
2634,闡,46
2635,樵,46
2636,悛,46
2637,炬,46
2638,倩,45
2639,朽,45
2640,濱,45
2641,怡,45
2642,壅,45
2643,蠹,45
2644,輅,45
2645,竣,45
2646,滌,45
2647,槍,45
2648,繆,45
2649,亢,45
2650,撥,45
2651,編,45
2652,蹇,45
2653,逗,44
2654,妒,44
2655,陌,44
2656,票,44
2657,版,44
2658,靳,44
2659,莎,44
2660,核,44
2661,毫,44
2662,贏,44
2663,呵,44
2664,點,43
2665,渦,43
2666,羯,43
2667,晁,43
2668,茹,43
2669,煮,43
2670,夙,43
2671,誡,43
2672,撻,43
2673,舸,43
2674,鮪,43
2675,捧,43
2676,柬,43
2677,縻,43
2678,潔,43
2679,爪,43
2680,拊,43
2681,鄒,43
2682,吝,43
2683,棗,43
2684,餞,42
2685,駝,42
2686,蔑,42
2687,跣,42
2688,駁,42
2689,擔,42
2690,撲,42
2691,爰,42
2692,陋,42
2693,擐,42
2694,汶,42
2695,堵,42
2696,賾,42
2697,萱,42
2698,糜,42
2699,詆,42
2700,裳,42
2701,花,41
2702,雉,41
2703,呈,41
2704,臘,41
2705,拯,41
2706,縉,41
2707,眙,41
2708,綺,41
2709,汪,41
2710,宵,41
2711,懋,41
2712,蒸,41
2713,仿,41
2714,钅,41
2715,杯,41
2716,剪,41
2717,幄,41
2718,璨,41
2719,噬,41
2720,跨,41
2721,衷,41
2722,冶,40
2723,技,40
2724,鉉,40
2725,忝,40
2726,漲,40
2727,霜,40
2728,廁,40
2729,嗚,40
2730,粹,40
2731,瀆,40
2732,鍔,40
2733,企,40
2734,窟,40
2735,柯,40
2736,榻,40
2737,殖,40
2738,蹕,40
2739,暄,40
2740,漂,40
2741,蠱,40
2742,湓,40
2743,額,40
2744,墟,39
2745,矛,39
2746,捍,39
2747,析,39
2748,鞅,39
2749,替,39
2750,澠,39
2751,軼,39
2752,濕,39
2753,諤,39
2754,熒,39
2755,庇,39
2756,慘,39
2757,究,39
2758,寐,39
2759,託,39
2760,驟,39
2761,廚,39
2762,黥,39
2763,揣,39
2764,剝,39
2765,泊,39
2766,戡,39
2767,訾,38
2768,鞏,38
2769,袖,38
2770,僵,38
2771,纘,38
2772,顓,38
2773,筮,38
2774,迦,38
2775,侔,38
2776,愨,38
2777,頤,38
2778,戢,38
2779,胸,38
2780,瘞,38
2781,闊,38
2782,跌,38
2783,頹,38
2784,只,38
2785,詈,38
2786,鴦,37
2787,芬,37
2788,礻,37
2789,蒯,37
2790,探,37
2791,玨,37
2792,斗,37
2793,棟,37
2794,宙,37
2795,鹵,37
2796,轅,37
2797,灰,37
2798,碑,37
2799,憾,37
2800,邙,37
2801,貂,37
2802,酌,37
2803,詠,37
2804,霧,37
2805,闐,37
2806,丸,36
2807,冗,36
2808,莒,36
2809,綠,36
2810,葭,36
2811,覲,36
2812,渝,36
2813,棰,36
2814,惰,36
2815,狩,36
2816,鑠,36
2817,慝,36
2818,楫,36
2819,秣,36
2820,侖,36
2821,詵,36
2822,隰,36
2823,帽,36
2824,嘏,36
2825,儻,36
2826,誹,36
2827,殃,36
2828,盆,36
2829,倖,36
2830,郴,36
2831,叢,36
2832,瘡,36
2833,伶,35
2834,菜,35
2835,顙,35
2836,帖,35
2837,映,35
2838,兢,35
2839,罹,35
2840,輻,35
2841,礪,35
2842,橈,35
2843,訣,35
2844,曩,35
2845,欷,35
2846,匪,35
2847,遑,35
2848,膂,35
2849,嘩,35
2850,霖,34
2851,郾,34
2852,汀,34
2853,稀,34
2854,孽,34
2855,誑,34
2856,宕,34
2857,油,34
2858,掎,34
2859,赭,34
2860,霽,34
2861,淪,34
2862,魁,34
2863,話,34
2864,喉,34
2865,縑,34
2866,翹,34
2867,柩,34
2868,刎,34
2869,攬,34
2870,褊,34
2871,匐,34
2872,壑,34
2873,悠,34
2874,袂,34
2875,粥,33
2876,悝,33
2877,椒,33
2878,鏡,33
2879,涓,33
2880,腸,33
2881,彗,33
2882,把,33
2883,挈,33
2884,銷,33
2885,餮,33
2886,綦,33
2887,彖,33
2888,髡,33
2889,庠,33
2890,橐,33
2891,槁,33
2892,鵠,33
2893,途,33
2894,諺,33
2895,淚,33
2896,轂,33
2897,帑,33
2898,捉,33
2899,禺,33
2900,棋,33
2901,遞,33
2902,瑁,32
2903,觴,32
2904,圭,32
2905,蜂,32
2906,餐,32
2907,犀,32
2908,籠,32
2909,鵲,32
2910,漆,32
2911,組,32
2912,瑕,32
2913,妣,32
2914,絞,32
2915,詛,32
2916,愎,32
2917,硤,32
2918,想,31
2919,旄,31
2920,冥,31
2921,兜,31
2922,努,31
2923,惋,31
2924,炳,31
2925,椎,31
2926,繈,31
2927,豁,31
2928,姿,31
2929,璩,30
2930,佃,30
2931,驥,30
2932,鴉,30
2933,嗇,30
2934,壕,30
2935,揭,30
2936,誚,30
2937,笏,30
2938,濡,30
2939,婺,30
2940,兔,30
2941,弭,30
2942,珩,30
2943,殤,30
2944,慍,30
2945,嵐,30
2946,娣,30
2947,捲,30
2948,菩,30
2949,蠟,30
2950,慷,30
2951,鄄,30
2952,浣,30
2953,鎰,30
2954,疽,29
2955,惻,29
2956,囿,29
2957,魂,29
2958,爨,29
2959,岷,29
2960,璉,29
2961,翳,29
2962,堆,29
2963,雹,29
2964,蔬,29
2965,逡,29
2966,肝,29
2967,估,29
2968,匆,29
2969,沁,29
2970,凋,29
2971,阡,29
2972,灼,29
2973,遝,29
2974,絢,29
2975,儋,29
2976,諳,29
2977,嫉,29
2978,詮,29
2979,孩,29
2980,葦,28
2981,譎,28
2982,瘳,28
2983,緋,28
2984,寮,28
2985,癡,28
2986,腦,28
2987,蹋,28
2988,騁,28
2989,齧,28
2990,挽,28
2991,雎,28
2992,店,28
2993,娥,28
2994,肘,28
2995,戛,27
2996,粉,27
2997,紊,27
2998,葺,27
2999,峭,27
3000,駑,27
3001,枋,27
3002,疊,27
3003,滇,27
3004,馭,27
3005,態,27
3006,燼,27
3007,縮,27
3008,騶,27
3009,剄,27
3010,亨,27
3011,禎,27
3012,澈,27
3013,醢,27
3014,刪,27
3015,臠,27
3016,腕,27
3017,擯,27
3018,朴,27
3019,輝,27
3020,緝,27
3021,雋,26
3022,縋,26
3023,郯,26
3024,航,26
3025,穡,26
3026,蹂,26
3027,暾,26
3028,醴,26
3029,叟,26
3030,藺,26
3031,撾,26
3032,刳,26
3033,緄,26
3034,悵,26
3035,嘿,26
3036,簾,26
3037,瑉,26
3038,紜,26
3039,啼,26
3040,拉,26
3041,蹤,26
3042,蚍,26
3043,蠔,26
3044,扌,26
3045,偵,26
3046,瀘,25
3047,鵬,25
3048,瑟,25
3049,晷,25
3050,筏,25
3051,聯,25
3052,療,25
3053,惕,25
3054,軀,25
3055,蘆,25
3056,騖,25
3057,酸,25
3058,禳,25
3059,貼,25
3060,叫,25
3061,竦,25
3062,牲,25
3063,拳,25
3064,芮,25
3065,耶,25
3066,憬,25
3067,煨,25
3068,仄,25
3069,鏘,25
3070,飼,25
3071,鉗,25
3072,眇,25
3073,遘,25
3074,溉,24
3075,骱,24
3076,駟,24
3077,媯,24
3078,淨,24
3079,梨,24
3080,綾,24
3081,澳,24
3082,棒,24
3083,碣,24
3084,塔,24
3085,廝,24
3086,衾,24
3087,潦,24
3088,芥,24
3089,叉,24
3090,欒,24
3091,兀,24
3092,卵,24
3093,爛,24
3094,鯁,24
3095,唬,24
3096,腐,24
3097,墾,24
3098,疋,24
3099,葵,24
3100,僥,24
3101,鋸,24
3102,紅,24
3103,訐,24
3104,奠,24
3105,匕,24
3106,騾,24
3107,嫗,23
3108,綴,23
3109,宄,23
3110,懣,23
3111,竿,23
3112,洹,23
3113,浴,23
3114,侑,23
3115,餅,23
3116,唾,23
3117,吟,23
3118,恙,23
3119,鏑,23
3120,軹,23
3121,甬,23
3122,幢,23
3123,紗,23
3124,燔,23
3125,歇,23
3126,週,23
3127,桁,23
3128,芟,23
3129,豳,23
3130,瘦,23
3131,眠,22
3132,勱,22
3133,裸,22
3134,眩,22
3135,汰,22
3136,黷,22
3137,聶,22
3138,瘠,22
3139,換,22
3140,虯,22
3141,紱,22
3142,峰,22
3143,煥,22
3144,陲,22
3145,燾,22
3146,悚,22
3147,皖,22
3148,逄,22
3149,廳,22
3150,灶,22
3151,櫬,22
3152,迂,22
3153,伉,22
3154,懟,22
3155,頑,22
3156,鑊,22
3157,豔,22
3158,廨,22
3159,閨,21
3160,袤,21
3161,屑,21
3162,沼,21
3163,軫,21
3164,較,21
3165,酤,21
3166,杆,21
3167,鄢,21
3168,鴨,21
3169,灞,21
3170,墀,21
3171,查,21
3172,嵬,21
3173,貿,21
3174,縫,21
3175,紆,21
3176,俚,21
3177,蟠,21
3178,卮,21
3179,佯,21
3180,蹶,21
3181,廡,21
3182,舂,21
3183,倪,21
3184,漿,21
3185,玢,21
3186,豬,21
3187,絮,21
3188,弔,21
3189,諍,21
3190,豕,21
3191,毖,21
3192,拙,21
3193,礙,21
3194,腳,21
3195,莞,21
3196,殫,21
3197,悴,21
3198,傭,21
3199,堞,21
3200,鑰,21
3201,隍,21
3202,菁,20
3203,緘,20
3204,甸,20
3205,膚,20
3206,閶,20
3207,醯,20
3208,詎,20
3209,滏,20
3210,雇,20
3211,崞,20
3212,翠,20
3213,櫟,20
3214,燎,20
3215,瀚,20
3216,俞,20
3217,貊,20
3218,褓,20
3219,霞,20
3220,踞,20
3221,耐,20
3222,糞,20
3223,髀,20
3224,摶,20
3225,炙,20
3226,迸,20
3227,　,20
3228,垢,20
3229,淖,20
3230,彘,20
3231,韻,20
3232,霄,20
3233,圈,20
3234,杏,20
3235,僑,19
3236,島,19
3237,幅,19
3238,抉,19
3239,怙,19
3240,覦,19
3241,祉,19
3242,蔥,19
3243,歟,19
3244,咫,19
3245,釣,19
3246,纛,19
3247,嬴,19
3248,蔓,19
3249,琢,19
3250,糗,19
3251,擠,19
3252,洄,19
3253,軸,19
3254,卦,19
3255,煒,19
3256,澆,19
3257,捨,19
3258,俾,19
3259,頰,19
3260,縞,19
3261,蟻,19
3262,夭,19
3263,麋,19
3264,廊,19
3265,蜜,19
3266,湧,19
3267,阝,19
3268,蕤,19
3269,甑,19
3270,枷,19
3271,滁,19
3272,嗤,19
3273,脂,19
3274,肺,19
3275,樗,19
3276,覡,18
3277,驁,18
3278,鯤,18
3279,琵,18
3280,迅,18
3281,紓,18
3282,埃,18
3283,碭,18
3284,墅,18
3285,琶,18
3286,踣,18
3287,瑛,18
3288,琴,18
3289,糶,18
3290,衫,18
3291,狸,18
3292,豚,18
3293,釘,18
3294,脛,18
3295,箸,18
3296,丐,18
3297,舫,18
3298,梗,18
3299,浹,18
3300,寰,18
3301,底,18
3302,歿,18
3303,沱,18
3304,雌,18
3305,庵,18
3306,梃,18
3307,愜,18
3308,孥,18
3309,邴,18
3310,籬,17
3311,臭,17
3312,巽,17
3313,錐,17
3314,玖,17
3315,斐,17
3316,昃,17
3317,稻,17
3318,厘,17
3319,鄖,17
3320,漵,17
3321,鉛,17
3322,鍇,17
3323,蕘,17
3324,拭,17
3325,},17
3326,漬,17
3327,侗,17
3328,訕,17
3329,掛,17
3330,淡,17
3331,鳩,17
3332,棧,17
3333,褻,17
3334,嵯,17
3335,襟,17
3336,怛,17
3337,隳,17
3338,瞿,17
3339,纏,17
3340,嵇,17
3341,幔,17
3342,甌,17
3343,蟬,17
3344,眥,17
3345,孑,17
3346,媛,17
3347,郫,17
3348,櫓,17
3349,怦,17
3350,愴,17
3351,飭,17
3352,醒,17
3353,芒,17
3354,挹,17
3355,妥,17
3356,藤,17
3357,{,17
3358,閫,17
3359,曙,17
3360,荔,17
3361,闞,17
3362,電,17
3363,麒,17
3364,髓,16
3365,悸,16
3366,嫂,16
3367,羹,16
3368,脯,16
3369,鵡,16
3370,瘴,16
3371,棹,16
3372,茜,16
3373,嘔,16
3374,煉,16
3375,癘,16
3376,汁,16
3377,魴,16
3378,刊,16
3379,售,16
3380,鸚,16
3381,醮,16
3382,殞,16
3383,蹉,16
3384,縝,16
3385,憶,16
3386,盾,16
3387,闈,16
3388,扣,16
3389,楨,16
3390,艫,16
3391,鷙,16
3392,僉,16
3393,筋,16
3394,磔,16
3395,疵,16
3396,摯,16
3397,坎,16
3398,崎,16
3399,旭,16
3400,聳,16
3401,鄣,16
3402,箱,16
3403,〓,16
3404,箴,16
3405,幘,16
3406,刈,16
3407,斟,16
3408,殪,16
3409,姨,16
3410,謇,16
3411,鈍,16
3412,梏,15
3413,漫,15
3414,醇,15
3415,咒,15
3416,颯,15
3417,茵,15
3418,粱,15
3419,層,15
3420,媾,15
3421,腫,15
3422,衽,15
3423,鈐,15
3424,痍,15
3425,鍛,15
3426,吮,15
3427,催,15
3428,眄,15
3429,瑣,15
3430,粵,15
3431,爐,15
3432,佚,15
3433,杼,15
3434,蠅,15
3435,肌,15
3436,桐,15
3437,桎,15
3438,馴,15
3439,蚤,15
3440,很,15
3441,瞑,15
3442,絡,15
3443,彎,15
3444,銘,15
3445,篋,15
3446,苴,15
3447,雩,15
3448,靴,15
3449,酆,15
3450,吠,15
3451,撞,15
3452,郇,15
3453,煎,15
3454,鏃,14
3455,謖,14
3456,霆,14
3457,笮,14
3458,裙,14
3459,慄,14
3460,迄,14
3461,奧,14
3462,眚,14
3463,埭,14
3464,崤,14
3465,潯,14
3466,僦,14
3467,腋,14
3468,鬚,14
3469,圻,14
3470,劓,14
3471,鏤,14
3472,剔,14
3473,馘,14
3474,洧,14
3475,跳,14
3476,詿,14
3477,Я,14
3478,謔,14
3479,歃,14
3480,礫,14
3481,譜,14
3482,躋,14
3483,喟,14
3484,轍,14
3485,兌,14
3486,睚,14
3487,郜,14
3488,彀,14
3489,掊,14
3490,荻,14
3491,戇,14
3492,拍,14
3493,賕,14
3494,磬,14
3495,緱,14
3496,燈,14
3497,穹,14
3498,影,14
3499,株,14
3500,憒,14
3501,吒,14
3502,緦,14
3503,喁,14
3504,迕,14
3505,窬,14
3506,莘,14
3507,欠,14
3508,貓,14
3509,钜,14
3510,舳,13
3511,獺,13
3512,飄,13
3513,彤,13
3514,貉,13
3515,壟,13
3516,腴,13
3517,衙,13
3518,鵝,13
3519,仞,13
3520,荼,13
3521,祛,13
3522,殍,13
3523,鱗,13
3524,聃,13
3525,牝,13
3526,蒞,13
3527,煦,13
3528,邾,13
3529,脊,13
3530,倏,13
3531,罄,13
3532,眭,13
3533,籲,13
3534,批,13
3535,旆,13
3536,釜,13
3537,媼,13
3538,扉,13
3539,徊,13
3540,鴟,13
3541,頷,13
3542,匝,13
3543,媵,13
3544,貰,13
3545,虺,13
3546,菲,13
3547,搗,13
3548,姥,13
3549,靼,13
3550,嘣,13
3551,觚,13
3552,圃,13
3553,熏,13
3554,牘,13
3555,帆,13
3556,陴,13
3557,葆,13
3558,姐,13
3559,耄,13
3560,棠,13
3561,縶,13
3562,髯,13
3563,孕,13
3564,砥,13
3565,鉦,13
3566,梵,13
3567,徘,12
3568,俳,12
3569,聿,12
3570,惴,12
3571,舁,12
3572,研,12
3573,哺,12
3574,蒿,12
3575,淆,12
3576,蚩,12
3577,遛,12
3578,纊,12
3579,勘,12
3580,詘,12
3581,屨,12
3582,髻,12
3583,蓼,12
3584,菹,12
3585,剡,12
3586,溷,12
3587,涵,12
3588,云,12
3589,炊,12
3590,藹,12
3591,脈,12
3592,逯,12
3593,賒,12
3594,涸,12
3595,嗔,12
3596,碧,12
3597,洶,12
3598,暖,12
3599,逍,12
3600,堙,12
3601,衤,12
3602,泳,12
3603,禰,12
3604,珧,12
3605,鈴,12
3606,鷂,12
3607,叨,12
3608,瘁,12
3609,埒,12
3610,概,12
3611,嗷,12
3612,菽,12
3613,狷,12
3614,淅,12
3615,儆,12
3616,掣,12
3617,忱,11
3618,驂,11
3619,逅,11
3620,阱,11
3621,嘯,11
3622,簪,11
3623,摘,11
3624,櫛,11
3625,嘲,11
3626,頂,11
3627,般,11
3628,蹊,11
3629,盪,11
3630,鬢,11
3631,牖,11
3632,嶼,11
3633,蕞,11
3634,槨,11
3635,狠,11
3636,轢,11
3637,鱉,11
3638,脆,11
3639,栩,11
3640,浞,11
3641,衄,11
3642,殲,11
3643,隧,11
3644,觖,11
3645,褐,11
3646,悶,11
3647,纓,11
3648,盲,11
3649,璣,11
3650,炫,11
3651,阼,11
3652,絏,11
3653,稿,11
3654,紐,11
3655,嬉,11
3656,絀,11
3657,鍾,11
3658,茨,11
3659,蓐,11
3660,罌,11
3661,佻,11
3662,糠,11
3663,倭,10
3664,郟,10
3665,柝,10
3666,湔,10
3667,瞳,10
3668,墊,10
3669,柞,10
3670,詼,10
3671,低,10
3672,孱,10
3673,拷,10
3674,獷,10
3675,針,10
3676,舶,10
3677,蟾,10
3678,猖,10
3679,熔,10
3680,榛,10
3681,蛟,10
3682,頁,10
3683,仵,10
3684,蒜,10
3685,櫝,10
3686,湎,10
3687,啵,10
3688,箏,10
3689,賻,10
3690,勺,10
3691,邂,10
3692,廑,10
3693,褥,10
3694,糟,10
3695,釀,10
3696,妝,10
3697,漣,10
3698,恍,10
3699,炕,10
3700,讞,10
3701,認,10
3702,濃,10
3703,婪,10
3704,玷,10
3705,鰥,10
3706,濯,10
3707,螟,10
3708,捫,10
3709,吸,10
3710,沅,10
3711,愀,10
3712,洙,10
3713,幻,10
3714,溧,10
3715,匯,10
3716,燥,10
3717,眺,10
3718,觶,10
3719,傖,10
3720,瀕,10
3721,扁,10
3722,韞,10
3723,舛,10
3724,耒,10
3725,岫,10
3726,涅,10
3727,戩,10
3728,秭,9
3729,灄,9
3730,頎,9
3731,諦,9
3732,耘,9
3733,謅,9
3734,虱,9
3735,穫,9
3736,拽,9
3737,欄,9
3738,胙,9
3739,磯,9
3740,褶,9
3741,筵,9
3742,沽,9
3743,謳,9
3744,峙,9
3745,的,9
3746,闌,9
3747,褰,9
3748,噠,9
3749,罘,9
3750,…,9
3751,痹,9
3752,酪,9
3753,歧,9
3754,棚,9
3755,瞽,9
3756,液,9
3757,睨,9
3758,樅,9
3759,笥,9
3760,駡,9
3761,蓮,9
3762,鐐,9
3763,黍,9
3764,蹄,9
3765,泫,9
3766,旒,9
3767,厝,9
3768,憩,9
3769,璿,9
3770,娘,9
3771,贛,9
3772,滹,9
3773,嶇,9
3774,淘,9
3775,娠,9
3776,亓,9
3777,瀹,9
3778,架,9
3779,診,9
3780,喑,9
3781,町,9
3782,砂,9
3783,俎,9
3784,佼,9
3785,泠,9
3786,闢,9
3787,塋,9
3788,萃,9
3789,嵊,9
3790,打,9
3791,泮,9
3792,醬,9
3793,癰,9
3794,怍,9
3795,乍,9
3796,襦,9
3797,閡,9
3798,郛,9
3799,鋤,8
3800,賭,8
3801,茌,8
3802,窗,8
3803,嘁,8
3804,蹠,8
3805,誄,8
3806,鍤,8
3807,滬,8
3808,餼,8
3809,巍,8
3810,籩,8
3811,憔,8
3812,芍,8
3813,軟,8
3814,螫,8
3815,緬,8
3816,刮,8
3817,澀,8
3818,猿,8
3819,獪,8
3820,韙,8
3821,翥,8
3822,蹟,8
3823,這,8
3824,樣,8
3825,笛,8
3826,蹴,8
3827,鳧,8
3828,哂,8
3829,瀏,8
3830,襪,8
3831,悒,8
3832,魄,8
3833,腑,8
3834,盍,8
3835,淇,8
3836,雛,8
3837,蘧,8
3838,髦,8
3839,昝,8
3840,贅,8
3841,噍,8
3842,犧,8
3843,衿,8
3844,姒,8
3845,擎,8
3846,迨,8
3847,蒂,8
3848,紈,8
3849,祧,8
3850,洵,8
3851,賃,8
3852,肄,8
3853,侶,8
3854,倔,8
3855,倀,8
3856,繪,8
3857,啻,8
3858,虹,8
3859,勾,8
3860,綮,8
3861,窖,8
3862,輾,8
3863,洱,8
3864,漚,8
3865,匭,8
3866,懍,8
3867,姦,8
3868,岵,8
3869,刖,8
3870,繚,8
3871,攵,8
3872,肴,8
3873,逝,8
3874,鬲,8
3875,黟,8
3876,忸,8
3877,臼,8
3878,撙,8
3879,沆,8
3880,皿,8
3881,躓,8
3882,惚,7
3883,珥,7
3884,搴,7
3885,坻,7
3886,椽,7
3887,看,7
3888,剿,7
3889,倜,7
3890,胎,7
3891,屣,7
3892,祺,7
3893,峨,7
3894,饕,7
3895,柿,7
3896,憫,7
3897,遨,7
3898,鐫,7
3899,蝮,7
3900,藪,7
3901,胃,7
3902,婉,7
3903,個,7
3904,匍,7
3905,冷,7
3906,嚶,7
3907,溱,7
3908,鞘,7
3909,鋪,7
3910,縷,7
3911,螻,7
3912,馱,7
3913,攄,7
3914,豢,7
3915,喋,7
3916,剃,7
3917,馨,7
3918,牡,7
3919,惆,7
3920,牌,7
3921,糲,7
3922,槽,7
3923,暈,7
3924,軋,7
3925,慊,7
3926,裾,7
3927,跽,7
3928,讚,7
3929,舐,7
3930,陬,7
3931,坼,7
3932,魅,7
3933,濘,7
3934,瀧,7
3935,儕,7
3936,槌,7
3937,捺,7
3938,洩,7
3939,璃,7
3940,睡,7
3941,齏,7
3942,莢,7
3943,碓,7
3944,襖,7
3945,薰,7
3946,羔,7
3947,嗖,7
3948,刂,7
3949,々,7
3950,筐,7
3951,堇,7
3952,粒,7
3953,],7
3954,柘,7
3955,嘆,7
3956,淝,7
3957,準,7
3958,蛭,7
3959,黽,7
3960,蟣,7
3961,曖,7
3962,鍪,7
3963,蝦,7
3964,臏,7
3965,閽,7
3966,迢,7
3967,飧,7
3968,鋌,7
3969,嗉,7
3970,糅,7
3971,肫,7
3972,憊,6
3973,殉,6
3974,琉,6
3975,綢,6
3976,鬍,6
3977,仔,6
3978,膾,6
3979,圄,6
3980,謾,6
3981,諏,6
3982,菰,6
3983,窒,6
3984,闃,6
3985,翌,6
3986,佟,6
3987,聾,6
3988,嗥,6
3989,躇,6
3990,錘,6
3991,癒,6
3992,搔,6
3993,縈,6
3994,鯀,6
3995,榭,6
3996,艨,6
3997,僂,6
3998,瀝,6
3999,毯,6
4000,慣,6
4001,劬,6
4002,鑫,6
4003,棱,6
4004,穗,6
4005,掉,6
4006,吭,6
4007,湫,6
4008,嬈,6
4009,蛻,6
4010,臆,6
4011,癭,6
4012,樽,6
4013,崗,6
4014,沌,6
4015,線,6
4016,淦,6
4017,鷲,6
4018,綈,6
4019,岢,6
4020,濰,6
4021,呐,6
4022,盂,6
4023,乜,6
4024,魔,6
4025,片,6
4026,捃,6
4027,矍,6
4028,踔,6
4029,杵,6
4030,蟆,6
4031,僨,6
4032,濞,6
4033,罟,6
4034,+,6
4035,芸,6
4036,淒,6
4037,倮,6
4038,儘,6
4039,桴,6
4040,摹,6
4041,裼,6
4042,饣,6
4043,菱,6
4044,焰,6
4045,膿,6
4046,椹,6
4047,筒,6
4048,笈,6
4049,囹,6
4050,瞟,6
4051,楞,6
4052,柢,6
4053,暝,6
4054,跬,6
4055,悄,6
4056,鬣,6
4057,羝,6
4058,嘀,6
4059,魃,6
4060,凰,6
4061,黛,6
4062,祟,6
4063,吃,6
4064,盥,6
4065,辮,6
4066,漾,6
4067,翅,6
4068,砦,6
4069,拄,6
4070,鏗,6
4071,闋,6
4072,嶸,5
4073,鼙,5
4074,缶,5
4075,軺,5
4076,貺,5
4077,膜,5
4078,癃,5
4079,儷,5
4080,埂,5
4081,港,5
4082,笙,5
4083,佾,5
4084,傘,5
4085,緹,5
4086,匣,5
4087,閥,5
4088,醪,5
4089,媒,5
4090,碗,5
4091,疥,5
4092,繭,5
4093,晤,5
4094,酎,5
4095,孳,5
4096,濺,5
4097,殛,5
4098,尖,5
4099,藿,5
4100,簟,5
4101,緇,5
4102,癢,5
4103,歉,5
4104,耨,5
4105,鳶,5
4106,憮,5
4107,酢,5
4108,聵,5
4109,刷,5
4110,薈,5
4111,鞋,5
4112,嗍,5
4113,掬,5
4114,蜚,5
4115,驊,5
4116,狃,5
4117,泯,5
4118,噓,5
4119,艽,5
4120,廈,5
4121,狙,5
4122,躊,5
4123,債,5
4124,澍,5
4125,哽,5
4126,舄,5
4127,麝,5
4128,r,5
4129,簷,5
4130,嶧,5
4131,簀,5
4132,刹,5
4133,阽,5
4134,⑵,5
4135,杷,5
4136,鶩,5
4137,坡,5
4138,柰,5
4139,錙,5
4140,甓,5
4141,忖,5
4142,槎,5
4143,鬩,5
4144,摭,5
4145,蓍,5
4146,佇,5
4147,凜,5
4148,廛,5
4149,［,5
4150,蠢,5
4151,鏟,5
4152,澌,5
4153,巔,5
4154,蛙,5
4155,楹,5
4156,穭,5
4157,溶,5
4158,碾,5
4159,艇,5
4160,酹,5
4161,痼,5
4162,酗,5
4163,瀨,5
4164,錶,5
4165,隼,5
4166,瘧,5
4167,髑,5
4168,艟,5
4169,痕,5
4170,喙,5
4171,墩,5
4172,骶,5
4173,釐,5
4174,睥,5
4175,琥,5
4176,吻,5
4177,踅,5
4178,插,5
4179,莆,5
4180,晴,5
4181,攣,5
4182,笠,5
4183,澡,5
4184,氛,5
4185,嫠,5
4186,澮,5
4187,鏢,5
4188,鐔,5
4189,擘,5
4190,儂,5
4191,撣,5
4192,禊,5
4193,鮒,4
4194,髭,4
4195,◎,4
4196,猴,4
4197,瞰,4
4198,翱,4
4199,訇,4
4200,迤,4
4201,麓,4
4202,葳,4
4203,祓,4
4204,弧,4
4205,恧,4
4206,蓉,4
4207,圮,4
4208,疚,4
4209,啄,4
4210,艋,4
4211,撩,4
4212,髏,4
4213,檜,4
4214,陔,4
4215,撚,4
4216,咀,4
4217,饔,4
4218,攢,4
4219,唁,4
4220,瘢,4
4221,韭,4
4222,卉,4
4223,殳,4
4224,踝,4
4225,觥,4
4226,葷,4
4227,舷,4
4228,磚,4
4229,撒,4
4230,藎,4
4231,坌,4
4232,盼,4
4233,塑,4
4234,埽,4
4235,鯉,4
4236,鋰,4
4237,癩,4
4238,莩,4
4239,鍬,4
4240,蛤,4
4241,瘀,4
4242,袷,4
4243,燃,4
4244,蘖,4
4245,腥,4
4246,苫,4
4247,怵,4
4248,怫,4
4249,伴,4
4250,榱,4
4251,玳,4
4252,濉,4
4253,璐,4
4254,閿,4
4255,宓,4
4256,擗,4
4257,筲,4
4258,哆,4
4259,幃,4
4260,疹,4
4261,賽,4
4262,焯,4
4263,芊,4
4264,嘈,4
4265,犖,4
4266,繳,4
4267,玻,4
4268,徂,4
4269,鷸,4
4270,氅,4
4271,曬,4
4272,臍,4
4273,屐,4
4274,遴,4
4275,邗,4
4276,耍,4
4277,鶉,4
4278,秸,4
4279,飆,4
4280,葑,4
4281,癬,4
4282,妊,4
4283,袋,4
4284,嗲,4
4285,撮,4
4286,汩,4
4287,舴,4
4288,藐,4
4289,莛,4
4290,另,4
4291,矧,4
4292,蔗,4
4293,噫,4
4294,迴,4
4295,魑,4
4296,螽,4
4297,諗,4
4298,傀,4
4299,萍,4
4300,派,4
4301,л,4
4302,溲,4
4303,瓶,4
4304,竅,4
4305,芙,4
4306,摺,4
4307,枳,4
4308,嫣,4
4309,蚶,4
4310,窈,4
4311,垓,4
4312,囁,4
4313,畚,4
4314,斑,4
4315,褫,4
4316,畀,4
4317,崍,4
4318,敫,4
4319,蟀,4
4320,涔,4
4321,捋,4
4322,掇,4
4323,妲,4
4324,恆,4
4325,霾,4
4326,寥,4
4327,賧,4
4328,蛉,4
4329,纜,4
4330,痤,4
4331,鐙,4
4332,現,4
4333,覓,4
4334,楔,3
4335,鑽,3
4336,儇,3
4337,苕,3
4338,恫,3
4339,畎,3
4340,籃,3
4341,嗄,3
4342,礱,3
4343,櫨,3
4344,沫,3
4345,隻,3
4346,麈,3
4347,忙,3
4348,鐾,3
4349,蝶,3
4350,匏,3
4351,餱,3
4352,奎,3
4353,絆,3
4354,橡,3
4355,螺,3
4356,趺,3
4357,蚺,3
4358,灣,3
4359,蠆,3
4360,ㄖ,3
4361,櫻,3
4362,扃,3
4363,栽,3
4364,撼,3
4365,瘃,3
4366,儐,3
4367,添,3
4368,淋,3
4369,侏,3
4370,沭,3
4371,檣,3
4372,劈,3
4373,苓,3
4374,抿,3
4375,喔,3
4376,胖,3
4377,‖,3
4378,咋,3
4379,逕,3
4380,韉,3
4381,蟋,3
4382,曝,3
4383,淶,3
4384,鐃,3
4385,臊,3
4386,鄶,3
4387,桔,3
4388,悃,3
4389,薺,3
4390,Ｒ,3
4391,培,3
4392,洳,3
4393,漱,3
4394,藜,3
4395,蚌,3
4396,鎣,3
4397,鋮,3
4398,冽,3
4399,萎,3
4400,啊,3
4401,艚,3
4402,粕,3
4403,簋,3
4404,滸,3
4405,嚼,3
4406,妍,3
4407,肋,3
4408,窶,3
4409,錚,3
4410,咬,3
4411,瞀,3
4412,芰,3
4413,齇,3
4414,⒄,3
4415,⑺,3
4416,遒,3
4417,鏞,3
4418,⒅,3
4419,疤,3
4420,洌,3
4421,嬙,3
4422,螢,3
4423,腆,3
4424,醭,3
4425,湍,3
4426,鈄,3
4427,鷺,3
4428,⑸,3
4429,峒,3
4430,唳,3
4431,汊,3
4432,驄,3
4433,齪,3
4434,透,3
4435,眈,3
4436,鯨,3
4437,縹,3
4438,荃,3
4439,轔,3
4440,諼,3
4441,噤,3
4442,跛,3
4443,娩,3
4444,馗,3
4445,罩,3
4446,芽,3
4447,銚,3
4448,咼,3
4449,窯,3
4450,岍,3
4451,瘼,3
4452,蔞,3
4453,獫,3
4454,菊,3
4455,嘧,3
4456,繢,3
4457,艤,3
4458,q,3
4459,縲,3
4460,緻,3
4461,麵,3
4462,黿,3
4463,簞,3
4464,喘,3
4465,轎,3
4466,誶,3
4467,莖,3
4468,⒒,3
4469,瞎,3
4470,鼷,3
4471,姝,3
4472,址,3
4473,獍,3
4474,嘶,3
4475,劃,3
4476,耦,3
4477,齙,3
4478,毳,3
4479,黻,3
4480,眯,3
4481,粽,3
4482,戳,3
4483,漪,3
4484,鏽,3
4485,需,3
4486,豸,3
4487,窀,3
4488,剩,3
4489,閘,3
4490,靂,3
4491,瘵,3
4492,鼉,3
4493,窠,3
4494,X,3
4495,臀,3
4496,蟹,3
4497,潸,3
4498,邐,3
4499,釷,3
4500,蜣,3
4501,蓿,3
4502,壙,3
4503,箔,3
4504,舡,3
4505,訝,3
4506,渫,3
4507,綆,3
4508,篆,3
4509,抒,3
4510,潑,3
4511,掀,3
4512,莪,3
4513,紡,3
4514,磊,3
4515,狁,3
4516,篾,3
4517,昴,3
4518,瑚,3
4519,迮,3
4520,涫,3
4521,睛,3
4522,喝,3
4523,轄,3
4524,霹,3
4525,鋼,3
4526,睽,3
4527,檁,3
4528,皙,3
4529,煽,3
4530,份,3
4531,桶,3
4532,嚳,3
4533,芡,3
4534,氹,3
4535,茸,3
4536,軾,3
4537,脾,3
4538,簏,3
4539,楣,3
4540,魘,3
4541,嗝,3
4542,踏,3
4543,癉,3
4544,涑,3
4545,翎,3
4546,嗅,3
4547,⒑,3
4548,嵌,2
4549,輳,2
4550,俏,2
4551,窆,2
4552,蠛,2
4553,嗾,2
4554,螭,2
4555,礓,2
4556,齬,2
4557,巋,2
4558,猓,2
4559,轟,2
4560,洫,2
4561,烙,2
4562,些,2
4563,攏,2
4564,橘,2
4565,醋,2
4566,鯢,2
4567,鬧,2
4568,兮,2
4569,穸,2
4570,扡,2
4571,粞,2
4572,茫,2
4573,嚮,2
4574,杪,2
4575,骼,2
4576,顫,2
4577,扛,2
4578,畈,2
4579,鯛,2
4580,噱,2
4581,嘌,2
4582,Α,2
4583,懶,2
4584,岈,2
4585,搿,2
4586,煜,2
4587,萄,2
4588,嬤,2
4589,躺,2
4590,⒌,2
4591,芋,2
4592,撅,2
4593,綵,2
4594,屎,2
4595,檑,2
4596,塾,2
4597,佔,2
4598,粢,2
4599,抹,2
4600,蹯,2
4601,憝,2
4602,詫,2
4603,ぱ,2
4604,崢,2
4605,齠,2
4606,幀,2
4607,橛,2
4608,祆,2
4609,鍵,2
4610,咩,2
4611,藕,2
4612,簣,2
4613,⒏,2
4614,齷,2
4615,茗,2
4616,揉,2
4617,醞,2
4618,潢,2
4619,贐,2
4620,烯,2
4621,找,2
4622,滓,2
4623,堋,2
4624,滴,2
4625,攤,2
4626,帚,2
4627,⒗,2
4628,彷,2
4629,磋,2
4630,喚,2
4631,蚰,2
4632,熨,2
4633,碌,2
4634,螅,2
4635,潺,2
4636,襤,2
4637,鴇,2
4638,淠,2
4639,枇,2
4640,鈦,2
4641,掐,2
4642,汛,2
4643,茇,2
4644,醺,2
4645,粳,2
4646,贗,2
4647,蘿,2
4648,擀,2
4649,兕,2
4650,牾,2
4651,鬯,2
4652,犴,2
4653,鰨,2
4654,煢,2
4655,Ⅹ,2
4656,櫪,2
4657,湄,2
4658,杠,2
4659,襆,2
4660,窕,2
4661,裎,2
4662,塍,2
4663,娃,2
4664,騮,2
4665,ㄗ,2
4666,脖,2
4667,睫,2
4668,篙,2
4669,悽,2
4670,炯,2
4671,戕,2
4672,鍁,2
4673,趑,2
4674,硯,2
4675,堊,2
4676,槲,2
4677,蟮,2
4678,緗,2
4679,森,2
4680,仂,2
4681,霎,2
4682,肓,2
4683,溟,2
4684,ぃ,2
4685,鍋,2
4686,焱,2
4687,佘,2
4688,灸,2
4689,胛,2
4690,叵,2
4691,瞬,2
4692,辣,2
4693,噅,2
4694,飫,2
4695,晶,2
4696,摸,2
4697,砸,2
4698,脞,2
4699,踉,2
4700,嘖,2
4701,⑹,2
4702,澱,2
4703,な,2
4704,徉,2
4705,嫖,2
4706,剜,2
4707,跗,2
4708,塤,2
4709,鱟,2
4710,壩,2
4711,衲,2
4712,襻,2
4713,鼾,2
4714,檉,2
4715,芷,2
4716,痿,2
4717,蹲,2
4718,湞,2
4719,簫,2
4720,朵,2
4721,鸛,2
4722,漓,2
4723,淌,2
4724,苡,2
4725,氤,2
4726,糝,2
4727,H,2
4728,屆,2
4729,熄,2
4730,∷,2
4731,件,2
4732,篁,2
4733,滲,2
4734,媧,2
4735,軛,2
4736,騅,2
4737,喈,2
4738,菇,2
4739,珊,2
4740,黼,2
4741,榴,2
4742,漯,2
4743,乓,2
4744,鈑,2
4745,隈,2
4746,獗,2
4747,啞,2
4748,卣,2
4749,釧,2
4750,欹,2
4751,囑,2
4752,蓽,2
4753,畦,2
4754,騏,2
4755,淤,2
4756,胯,2
4757,ā,2
4758,珀,2
4759,縵,2
4760,熬,2
4761,篪,2
4762,蝕,2
4763,唏,2
4764,圬,2
4765,扔,2
4766,蟒,2
4767,┚,2
4768,蛆,2
4769,蓀,2
4770,鰒,2
4771,穩,2
4772,豉,2
4773,舾,2
4774,絝,2
4775,吼,2
4776,緊,2
4777,霈,2
4778,濾,2
4779,庀,2
4780,襠,2
4781,溘,2
4782,凸,2
4783,菌,2
4784,瓴,2
4785,濼,2
4786,耜,2
4787,帕,2
4788,拆,2
4789,㈨,2
4790,韁,2
4791,呤,2
4792,杳,2
4793,迓,2
4794,虻,2
4795,艸,2
4796,靄,2
4797,ぁ,2
4798,潿,2
4799,覿,2
4800,蝤,2
4801,盅,2
4802,稗,2
4803,燁,2
4804,諄,2
4805,勻,2
4806,筍,2
4807,蕢,2
4808,枸,2
4809,⑿,2
4810,翮,2
4811,犄,2
4812,氾,2
4813,瘐,2
4814,∪,2
4815,夤,2
4816,椅,2
4817,皰,2
4818,傯,2
4819,玲,2
4820,鵒,2
4821,唷,2
4822,砰,2
4823,帙,2
4824,娓,2
4825,壚,2
4826,芾,2
4827,拌,2
4828,輞,2
4829,鍥,2
4830,膀,2
4831,賬,2
4832,醵,2
4833,⒆,2
4834,幗,2
4835,叭,2
4836,翩,2
4837,韝,2
4838,傣,2
4839,捌,2
4840,蠍,2
4841,徨,2
4842,鄔,2
4843,柙,2
4844,嗌,2
4845,甏,2
4846,蹀,2
4847,秕,2
4848,竽,2
4849,蛄,2
4850,奩,2
4851,茄,2
4852,魍,2
4853,矗,2
4854,痊,2
4855,慳,2
4856,蹺,2
4857,氍,1
4858,楝,1
4859,璦,1
4860,８,1
4861,⒋,1
4862,苤,1
4863,蟊,1
4864,骺,1
4865,黧,1
4866,嘰,1
4867,ü,1
4868,瀾,1
4869,芪,1
4870,樟,1
4871,睞,1
4872,⑾,1
4873,蠖,1
4874,簦,1
4875,芭,1
4876,橇,1
4877,垤,1
4878,趵,1
4879,邰,1
4880,÷,1
4881,饜,1
4882,忒,1
4883,瞍,1
4884,箝,1
4885,棼,1
4886,蝥,1
4887,窪,1
4888,庳,1
4889,Ｃ,1
4890,撕,1
4891,陡,1
4892,｜,1
4893,碇,1
4894,嚅,1
4895,ヒ,1
4896,仟,1
4897,＃,1
4898,袱,1
4899,ぶ,1
4900,紼,1
4901,棕,1
4902,７,1
4903,礦,1
4904,揄,1
4905,嫻,1
4906,釵,1
4907,芩,1
4908,癲,1
4909,誒,1
4910,≈,1
4911,蜴,1
4912,蜒,1
4913,喊,1
4914,嘻,1
4915,擴,1
4916,哮,1
4917,麼,1
4918,胝,1
4919,肮,1
4920,絎,1
4921,苔,1
4922,螄,1
4923,黏,1
4924,稂,1
4925,檎,1
4926,崦,1
4927,孀,1
4928,獬,1
4929,K,1
4930,⒀,1
4931,哢,1
4932,罾,1
4933,噁,1
4934,叮,1
4935,膻,1
4936,皴,1
4937,ケ,1
4938,┦,1
4939,嗑,1
4940,頏,1
4941,蠓,1
4942,ㄈ,1
4943,踮,1
4944,浠,1
4945,蹌,1
4946,鰷,1
4947,燠,1
4948,凇,1
4949,槧,1
4950,邡,1
4951,釤,1
4952,⑽,1
4953,飴,1
4954,擼,1
4955,欏,1
4956,狴,1
4957,蠃,1
4958,晰,1
4959,瀦,1
4960,萁,1
4961,憨,1
4962,訂,1
4963,胞,1
4964,偈,1
4965,苜,1
4966,窨,1
4967,蟶,1
4968,薜,1
4969,■,1
4970,孿,1
4971,汨,1
4972,搡,1
4973,嚇,1
4974,惺,1
4975,⒊,1
4976,苒,1
4977,缸,1
4978,坫,1
4979,漉,1
4980,爺,1
4981,蕁,1
4982,彡,1
4983,笪,1
4984,酲,1
4985,娉,1
4986,紉,1
4987,鑣,1
4988,扒,1
4989,⑶,1
4990,＜,1
4991,噙,1
4992,齲,1
4993,氕,1
4994,鰍,1
4995,罱,1
4996,瘍,1
4997,躚,1
4998,Ξ,1
4999,婊,1
5000,┒,1
5001,淥,1
5002,粘,1
5003,髫,1
5004,蛞,1
5005,Ｂ,1
5006,庖,1
5007,擰,1
5008,躪,1
5009,噴,1
5010,Ｔ,1
5011,鈾,1
5012,偌,1
5013,尸,1
5014,屺,1
5015,墼,1
5016,鑷,1
5017,ぬ,1
5018,揪,1
5019,慫,1
5020,□,1
5021,甍,1
5022,矚,1
5023,唉,1
5024,④,1
5025,Ｄ,1
5026,鯰,1
5027,冫,1
5028,澎,1
5029,蓴,1
5030,崆,1
5031,偎,1
5032,傢,1
5033,Ε,1
5034,燜,1
5035,罨,1
5036,ㄓ,1
5037,攪,1
5038,旺,1
5039,莨,1
5040,簇,1
5041,苣,1
5042,鵯,1
5043,忡,1
5044,┯,1
5045,穌,1
5046,茭,1
5047,逛,1
5048,啦,1
5049,浯,1
5050,糖,1
5051,懺,1
5052,苧,1
5053,礎,1
5054,蜓,1
5055,鱸,1
5056,恿,1
5057,羿,1
5058,朧,1
5059,嗓,1
5060,宀,1
5061,膩,1
5062,⒘,1
5063,ブ,1
5064,饞,1
5065,鰓,1
5066,е,1
5067,婀,1
5068,薌,1
5069,箜,1
5070,型,1
5071,訃,1
5072,∧,1
5073,襯,1
5074,睇,1
5075,娌,1
5076,⒃,1
5077,萸,1
5078,「,1
5079,芄,1
5080,Ｖ,1
5081,噢,1
5082,梳,1
5083,嫋,1
5084,怩,1
5085,倬,1
5086,┱,1
5087,蓁,1
5088,囟,1
5089,鐺,1
5090,ど,1
5091,么,1
5092,袢,1
5093,嗽,1
5094,L,1
5095,蚧,1
5096,瓤,1
5097,鮃,1
5098,舀,1
5099,螗,1
5100,⑴,1
5101,抖,1
5102,稈,1
5103,拖,1
5104,撐,1
5105,鼇,1
5106,恁,1
5107,髹,1
5108,蒔,1
5109,櫃,1
5110,Ｋ,1
5111,胱,1
5112,僬,1
5113,讕,1
5114,艄,1
5115,菔,1
5116,＝,1
5117,鈁,1
5118,蚯,1
5119,愫,1
5120,趄,1
5121,閌,1
5122,鎩,1
5123,菪,1
5124,蒺,1
5125,埤,1
5126,夀,1
5127,鈺,1
5128,⒐,1
5129,庋,1
5130,渣,1
5131,葜,1
5132,鐧,1
5133,羧,1
5134,媳,1
5135,繫,1
5136,焐,1
5137,婧,1
5138,萋,1
5139,梔,1
5140,炷,1
5141,斡,1
5142,酃,1
5143,唇,1
5144,俁,1
5145,眢,1
5146,氓,1
5147,傴,1
5148,麇,1
5149,纈,1
5150,箐,1
5151,ｃ,1
5152,鍺,1
5153,⒂,1
5154,趴,1
5155,崛,1
5156,殮,1
5157,裉,1
5158,ぜ,1
5159,匙,1
5160,皚,1
5161,卸,1
5162,埸,1
5163,咆,1
5164,鴛,1
5165,憋,1
5166,詒,1
5167,惹,1
5168,懨,1
5169,嵫,1
5170,櫳,1
5171,ò,1
5172,灝,1
5173,鰈,1
5174,妗,1
5175,瞥,1
5176,鈸,1
5177,菅,1
5178,瀉,1
5179,鬮,1
5180,灃,1
5181,堿,1
5182,膁,1
5183,鶥,1
5184,≡,1
5185,幬,1
5186,嫫,1
5187,Q,1
5188,皂,1
5189,衩,1
5190,凹,1
5191,妯,1
5192,⑷,1
5193,Р,1
5194,⑨,1
5195,咳,1
5196,拼,1
5197,噸,1
5198,掏,1
5199,嫵,1
5200,龠,1
5201,翡,1
5202,磴,1
5203,搓,1
5204,骷,1
5205,紕,1
5206,蜉,1
5207,鯽,1
5208,窳,1
5209,攫,1
5210,綃,1
5211,窄,1
5212,綣,1
5213,嗨,1
5214,蕙,1
5215,菥,1
5216,Ｍ,1
5217,炔,1
5218,畸,1
5219,蛔,1
5220,ゃ,1
5221,釃,1
5222,芎,1
5223,蚊,1
5224,蹦,1
5225,蜻,1
5226,苯,1
5227,甭,1
5228,覷,1
5229,ッ,1
5230,褸,1
5231,嚥,1
5232,搭,1
5233,敲,1
5234,P,1
5235,Ｏ,1
5236,蜥,1
5237,蜮,1
5238,焊,1
5239,顱,1
5240,聒,1
5241,氚,1
5242,觳,1
5243,屹,1
5244,躑,1
5245,蛾,1
5246,趼,1
5247,豌,1
5248,＊,1
5249,⒖,1
5250,笆,1
5251,綻,1
5252,萆,1
5253,笊,1
5254,齔,1
5255,氈,1
5256,⒓,1
5257,懊,1
5258,逶,1
5259,ｔ,1
5260,笫,1
5261,嗦,1
5262,セ,1
5263,胗,1
5264,髟,1
5265,u,1
5266,爻,1
5267,岬,1
5268,攙,1
5269,Ｐ,1
5270,慌,1
5271,揩,1
5272,蓯,1
5273,餃,1
5274,崾,1
5275,熳,1
5276,鄞,1
5277,楸,1
5278,繾,1
5279,掄,1
5280,Ｉ,1
5281,釹,1
5282,蛸,1
5283,哐,1
5284,狻,1
5285,＠,1
5286,鑹,1
5287,爝,1
5288,蜍,1
5289,螳,1
5290,杓,1
5291,鹺,1
5292,灤,1
5293,に,1
5294,磕,1
5295,暌,1
5296,鏵,1
5297,疣,1
5298,沲,1
5299,髒,1
5300,淙,1
5301,儡,1
5302,裟,1
5303,賅,1
5304,郤,1
5305,闖,1
5306,そ,1
5307,靶,1
5308,韌,1
5309,曛,1
5310,荽,1
5311,鈿,1
5312,Ｓ,1
5313,抬,1
5314,閆,1
5315,蚓,1
5316,嗪,1
5317,椋,1
5318,鬆,1
5319,瀑,1
5320,銎,1
5321,Ｎ,1
5322,諢,1
5323,瘤,1
5324,蚋,1
5325,騍,1
5326,呆,1
5327,薏,1
5328,堠,1
5329,羚,1
5330,幌,1
5331,忮,1
5332,霓,1
5333,轤,1
5334,屙,1
5335,齟,1
5336,笸,1
5337,拋,1
5338,瘭,1
5339,譭,1
5340,鋈,1
5341,毬,1
5342,酐,1
5343,鎂,1
5344,鍘,1
5345,梢,1
5346,駔,1
5347,櫺,1
5348,枰,1
5349,彳,1
5350,溽,1
5351,尢,1
5352,褲,1
5353,σ,1
5354,篚,1
5355,餳,1
5356,皸,1
5357,鏖,1
5358,蟄,1
5359,惘,1
5360,鸕,1
5361,耙,1
5362,篌,1
5363,椰,1
5364,瓷,1
5365,駘,1
5366,秈,1
5367,捩,1
5368,鴝,1
5369,柁,1
5370,猁,1
5371,鋃,1
5372,糊,1
5373,鮭,1
5374,擻,1
5375,茈,1
5376,墁,1
5377,叻,1
5378,徜,1
5379,拿,1
5380,吧,1
5381,倥,1
5382,猩,1
5383,瓔,1
5384,硎,1
5385,嶂,1
5386,⑦,1
5387,鄴,1
5388,瓢,1
5389,篥,1
5390,⒈,1
5391,躅,1
5392,ぐ,1
5393,埴,1
5394,樺,1
5395,袈,1
5396,籀,1
5397,尷,1
5398,蛛,1
5399,さ,1
5400,笨,1
5401,鋇,1
5402,桄,1
5403,臁,1
5404,臒,1
5405,糙,1
5406,絛,1
5407,砣,1
5408,紺,1
5409,㈧,1
5410,莠,1
5411,繯,1
5412,は,1
5413,酥,1
